repository,file_path,language,extension,loc,size_bytes
flask,.devcontainer\on-create-command.sh,Shell,.sh,7,172
flask,docs\conf.py,Python,.py,84,3487
flask,examples\celery\make_celery.py,Python,.py,3,106
flask,examples\celery\src\task_app\tasks.py,Python,.py,15,507
flask,examples\celery\src\task_app\views.py,Python,.py,28,992
flask,examples\celery\src\task_app\__init__.py,Python,.py,31,1063
flask,examples\celery\src\task_app\templates\index.html,HTML,.html,95,3017
flask,examples\javascript\js_example\views.py,Python,.py,13,447
flask,examples\javascript\js_example\__init__.py,Python,.py,3,96
flask,examples\javascript\js_example\templates\base.html,HTML,.html,33,1211
flask,examples\javascript\js_example\templates\fetch.html,HTML,.html,28,885
flask,examples\javascript\js_example\templates\jquery.html,HTML,.html,23,693
flask,examples\javascript\js_example\templates\xhr.html,HTML,.html,25,962
flask,examples\javascript\tests\conftest.py,Python,.py,10,231
flask,examples\javascript\tests\test_js_example.py,Python,.py,22,754
flask,examples\tutorial\flaskr\auth.py,Python,.py,90,3412
flask,examples\tutorial\flaskr\blog.py,Python,.py,100,3430
flask,examples\tutorial\flaskr\db.py,Python,.py,40,1373
flask,examples\tutorial\flaskr\__init__.py,Python,.py,36,1454
flask,examples\tutorial\flaskr\static\style.css,CSS,.css,109,1830
flask,examples\tutorial\flaskr\templates\base.html,HTML,.html,24,776
flask,examples\tutorial\flaskr\templates\auth\login.html,HTML,.html,13,439
flask,examples\tutorial\flaskr\templates\auth\register.html,HTML,.html,13,443
flask,examples\tutorial\flaskr\templates\blog\create.html,HTML,.html,13,462
flask,examples\tutorial\flaskr\templates\blog\index.html,HTML,.html,26,818
flask,examples\tutorial\flaskr\templates\blog\update.html,HTML,.html,17,709
flask,examples\tutorial\tests\conftest.py,Python,.py,44,1516
flask,examples\tutorial\tests\test_auth.py,Python,.py,53,2139
flask,examples\tutorial\tests\test_blog.py,Python,.py,61,2586
flask,examples\tutorial\tests\test_db.py,Python,.py,19,645
flask,examples\tutorial\tests\test_factory.py,Python,.py,8,310
flask,src\flask\app.py,Python,.py,1328,67100
flask,src\flask\blueprints.py,Python,.py,102,4669
flask,src\flask\cli.py,Python,.py,899,37963
flask,src\flask\config.py,Python,.py,286,13586
flask,src\flask\ctx.py,Python,.py,404,18801
flask,src\flask\debughelpers.py,Python,.py,146,6249
flask,src\flask\globals.py,Python,.py,58,2491
flask,src\flask\helpers.py,Python,.py,534,25310
flask,src\flask\logging.py,Python,.py,55,2456
flask,src\flask\sessions.py,Python,.py,310,15354
flask,src\flask\signals.py,Python,.py,14,767
flask,src\flask\templating.py,Python,.py,166,7548
flask,src\flask\testing.py,Python,.py,237,10432
flask,src\flask\typing.py,Python,.py,77,3201
flask,src\flask\views.py,Python,.py,146,7162
flask,src\flask\wrappers.py,Python,.py,194,9663
flask,src\flask\__init__.py,Python,.py,39,2111
flask,src\flask\__main__.py,Python,.py,2,33
flask,src\flask\json\provider.py,Python,.py,163,7859
flask,src\flask\json\tag.py,Python,.py,236,9608
flask,src\flask\json\__init__.py,Python,.py,122,5753
flask,src\flask\sansio\app.py,Python,.py,832,40508
flask,src\flask\sansio\blueprints.py,Python,.py,572,27709
flask,src\flask\sansio\scaffold.py,Python,.py,647,31433
flask,tests\conftest.py,Python,.py,82,2658
flask,tests\test_appctx.py,Python,.py,194,7092
flask,tests\test_async.py,Python,.py,104,3480
flask,tests\test_basic.py,Python,.py,1487,56247
flask,tests\test_blueprints.py,Python,.py,790,32402
flask,tests\test_cli.py,Python,.py,536,21006
flask,tests\test_config.py,Python,.py,193,7998
flask,tests\test_converters.py,Python,.py,29,1135
flask,tests\test_helpers.py,Python,.py,273,11595
flask,tests\test_instance_config.py,Python,.py,80,3428
flask,tests\test_json.py,Python,.py,272,9087
flask,tests\test_json_tag.py,Python,.py,64,2084
flask,tests\test_logging.py,Python,.py,69,2627
flask,tests\test_regression.py,Python,.py,22,742
flask,tests\test_reqctx.py,Python,.py,190,6945
flask,tests\test_request.py,Python,.py,53,1972
flask,tests\test_session_interface.py,Python,.py,21,812
flask,tests\test_signals.py,Python,.py,139,5045
flask,tests\test_subclassing.py,Python,.py,15,501
flask,tests\test_templating.py,Python,.py,387,15935
flask,tests\test_testing.py,Python,.py,286,10961
flask,tests\test_user_error_handler.py,Python,.py,215,8731
flask,tests\test_views.py,Python,.py,187,7329
flask,tests\static\index.html,HTML,.html,1,23
flask,tests\templates\context_template.html,HTML,.html,1,37
flask,tests\templates\escaping_template.html,HTML,.html,6,153
flask,tests\templates\simple_template.html,HTML,.html,1,24
flask,tests\templates\template_filter.html,HTML,.html,1,27
flask,tests\templates\template_test.html,HTML,.html,3,54
flask,tests\templates\_macro.html,HTML,.html,1,56
flask,tests\test_apps\blueprintapp\__init__.py,Python,.py,7,265
flask,tests\test_apps\blueprintapp\apps\__init__.py,Python,.py,0,0
flask,tests\test_apps\blueprintapp\apps\admin\__init__.py,Python,.py,15,386
flask,tests\test_apps\blueprintapp\apps\admin\static\css\test.css,CSS,.css,1,19
flask,tests\test_apps\blueprintapp\apps\admin\templates\admin\index.html,HTML,.html,1,22
flask,tests\test_apps\blueprintapp\apps\frontend\__init__.py,Python,.py,9,341
flask,tests\test_apps\blueprintapp\apps\frontend\templates\frontend\index.html,HTML,.html,1,25
flask,tests\test_apps\cliapp\app.py,Python,.py,2,55
flask,tests\test_apps\cliapp\factory.py,Python,.py,7,182
flask,tests\test_apps\cliapp\importerrorapp.py,Python,.py,3,78
flask,tests\test_apps\cliapp\multiapp.py,Python,.py,3,71
flask,tests\test_apps\cliapp\__init__.py,Python,.py,0,0
flask,tests\test_apps\cliapp\inner1\__init__.py,Python,.py,2,58
flask,tests\test_apps\cliapp\inner1\inner2\flask.py,Python,.py,2,50
flask,tests\test_apps\cliapp\inner1\inner2\__init__.py,Python,.py,0,0
flask,tests\test_apps\helloworld\hello.py,Python,.py,5,112
flask,tests\test_apps\helloworld\wsgi.py,Python,.py,1,37
flask,tests\test_apps\subdomaintestmodule\__init__.py,Python,.py,2,76
flask,tests\type_check\typing_app_decorators.py,Python,.py,18,621
flask,tests\type_check\typing_error_handler.py,Python,.py,21,680
flask,tests\type_check\typing_route.py,Python,.py,71,2644
requests,setup.py,Python,.py,6,188
requests,docs\conf.py,Python,.py,291,12533
requests,docs\_static\custom.css,CSS,.css,8,299
requests,docs\_templates\sidebar.html,HTML,.html,26,1394
requests,docs\_themes\flask_theme_support.py,Python,.py,74,4961
requests,src\requests\adapters.py,Python,.py,634,28740
requests,src\requests\api.py,Python,.py,139,7332
requests,src\requests\auth.py,Python,.py,283,12461
requests,src\requests\certs.py,Python,.py,13,448
requests,src\requests\compat.py,Python,.py,94,2609
requests,src\requests\cookies.py,Python,.py,503,22129
requests,src\requests\exceptions.py,Python,.py,98,4726
requests,src\requests\help.py,Python,.py,110,4200
requests,src\requests\hooks.py,Python,.py,35,1186
requests,src\requests\models.py,Python,.py,988,42646
requests,src\requests\packages.py,Python,.py,19,927
requests,src\requests\sessions.py,Python,.py,758,34992
requests,src\requests\status_codes.py,Python,.py,116,4479
requests,src\requests\structures.py,Python,.py,96,4264
requests,src\requests\utils.py,Python,.py,915,37216
requests,src\requests\_internal_utils.py,Python,.py,40,1593
requests,src\requests\_types.py,Python,.py,148,6229
requests,src\requests\__init__.py,Python,.py,184,5856
requests,src\requests\__version__.py,Python,.py,13,449
requests,tests\compat.py,Python,.py,19,503
requests,tests\conftest.py,Python,.py,48,2001
requests,tests\test_adapters.py,Python,.py,6,322
requests,tests\test_help.py,Python,.py,18,866
requests,tests\test_hooks.py,Python,.py,15,446
requests,tests\test_lowlevel.py,Python,.py,329,15771
requests,tests\test_packages.py,Python,.py,7,242
requests,tests\test_requests.py,Python,.py,2597,111628
requests,tests\test_structures.py,Python,.py,71,2848
requests,tests\test_testserver.py,Python,.py,129,5712
requests,tests\test_utils.py,Python,.py,875,32467
requests,tests\utils.py,Python,.py,15,383
requests,tests\__init__.py,Python,.py,11,483
requests,tests\testserver\server.py,Python,.py,144,5323
requests,tests\testserver\__init__.py,Python,.py,0,0
pytest,bench\bench.py,Python,.py,12,400
pytest,bench\bench_argcomplete.py,Python,.py,16,653
pytest,bench\empty.py,Python,.py,3,103
pytest,bench\manyparam.py,Python,.py,9,221
pytest,bench\skip.py,Python,.py,7,178
pytest,bench\unit_test.py,Python,.py,13,307
pytest,bench\xunit.py,Python,.py,12,250
pytest,doc\en\conf.py,Python,.py,273,11954
pytest,doc\en\conftest.py,Python,.py,2,70
pytest,doc\en\example\conftest.py,Python,.py,2,91
pytest,doc\en\example\multipython.py,Python,.py,55,2028
pytest,doc\en\example\pythoncollection.py,Python,.py,10,251
pytest,doc\en\example\xfail_demo.py,Python,.py,24,526
pytest,doc\en\example\assertion\failure_demo.py,Python,.py,196,6004
pytest,doc\en\example\assertion\test_failures.py,Python,.py,11,480
pytest,doc\en\example\assertion\test_setup_flow_example.py,Python,.py,34,1336
pytest,doc\en\example\assertion\global_testmodule_config\conftest.py,Python,.py,11,383
pytest,doc\en\example\assertion\global_testmodule_config\test_hello_world.py,Python,.py,4,89
pytest,doc\en\example\customdirectory\conftest.py,Python,.py,24,1101
pytest,doc\en\example\customdirectory\tests\test_first.py,Python,.py,4,93
pytest,doc\en\example\customdirectory\tests\test_second.py,Python,.py,4,94
pytest,doc\en\example\customdirectory\tests\test_third.py,Python,.py,4,93
pytest,doc\en\example\fixtures\test_fixtures_order_autouse.py,Python,.py,28,645
pytest,doc\en\example\fixtures\test_fixtures_order_autouse_multiple_scopes.py,Python,.py,20,593
pytest,doc\en\example\fixtures\test_fixtures_order_autouse_temp_effects.py,Python,.py,24,677
pytest,doc\en\example\fixtures\test_fixtures_order_dependencies.py,Python,.py,28,631
pytest,doc\en\example\fixtures\test_fixtures_order_scope.py,Python,.py,23,684
pytest,doc\en\example\fixtures\test_fixtures_request_different_scope.py,Python,.py,20,545
pytest,doc\en\example\nonpython\conftest.py,Python,.py,37,1599
pytest,doc\en\example\nonpython\__init__.py,Python,.py,0,0
pytest,doc\en\_static\pytest-custom.css,CSS,.css,20,350
pytest,doc\en\_templates\links.html,HTML,.html,7,371
pytest,extra\get_issues.py,Python,.py,71,2459
pytest,scripts\diff-assert-rewrite.py,Python,.py,133,5926
pytest,scripts\generate-gh-release-notes.py,Python,.py,53,2224
pytest,scripts\prepare-release-pr.py,Python,.py,140,5169
pytest,scripts\release.py,Python,.py,119,5117
pytest,scripts\update-plugin-list.py,Python,.py,187,7804
pytest,src\py.py,Python,.py,10,344
pytest,src\pytest\__init__.py,Python,.py,186,5993
pytest,src\pytest\__main__.py,Python,.py,5,184
pytest,src\_pytest\approx.py,Python,.py,948,45652
pytest,src\_pytest\cacheprovider.py,Python,.py,553,24444
pytest,src\_pytest\capture.py,Python,.py,917,38709
pytest,src\_pytest\compat.py,Python,.py,255,10997
pytest,src\_pytest\debugging.py,Python,.py,330,14257
pytest,src\_pytest\deprecated.py,Python,.py,126,6406
pytest,src\_pytest\doctest.py,Python,.py,620,26677
pytest,src\_pytest\faulthandler.py,Python,.py,92,4369
pytest,src\_pytest\fixtures.py,Python,.py,2261,105636
pytest,src\_pytest\freeze_support.py,Python,.py,36,1345
pytest,src\_pytest\helpconfig.py,Python,.py,257,10382
pytest,src\_pytest\hookspec.py,Python,.py,896,43398
pytest,src\_pytest\junitxml.py,Python,.py,610,27368
pytest,src\_pytest\legacypath.py,Python,.py,352,17304
pytest,src\_pytest\logging.py,Python,.py,811,37206
pytest,src\_pytest\main.py,Python,.py,1077,45389
pytest,src\_pytest\monkeypatch.py,Python,.py,377,17234
pytest,src\_pytest\nodeid.py,Python,.py,95,4518
pytest,src\_pytest\nodes.py,Python,.py,640,28265
pytest,src\_pytest\outcomes.py,Python,.py,204,9085
pytest,src\_pytest\pastebin.py,Python,.py,101,4402
pytest,src\_pytest\pathlib.py,Python,.py,905,40555
pytest,src\_pytest\pytester.py,Python,.py,1501,65299
pytest,src\_pytest\pytester_assertions.py,Python,.py,65,2327
pytest,src\_pytest\python.py,Python,.py,1615,73775
pytest,src\_pytest\raises.py,Python,.py,1286,61309
pytest,src\_pytest\recwarn.py,Python,.py,308,14208
pytest,src\_pytest\reports.py,Python,.py,611,25081
pytest,src\_pytest\runner.py,Python,.py,497,20935
pytest,src\_pytest\scope.py,Python,.py,68,2827
pytest,src\_pytest\setuponly.py,Python,.py,80,3265
pytest,src\_pytest\setupplan.py,Python,.py,32,1223
pytest,src\_pytest\skipping.py,Python,.py,271,11171
pytest,src\_pytest\stash.py,Python,.py,79,3206
pytest,src\_pytest\stepwise.py,Python,.py,185,8331
pytest,src\_pytest\subtests.py,Python,.py,342,13955
pytest,src\_pytest\terminal.py,Python,.py,1573,68003
pytest,src\_pytest\terminalprogress.py,Python,.py,24,1183
pytest,src\_pytest\threadexception.py,Python,.py,122,5040
pytest,src\_pytest\timing.py,Python,.py,68,3293
pytest,src\_pytest\tmpdir.py,Python,.py,300,13408
pytest,src\_pytest\tracemalloc.py,Python,.py,20,802
pytest,src\_pytest\unittest.py,Python,.py,559,25751
pytest,src\_pytest\unraisableexception.py,Python,.py,152,6668
pytest,src\_pytest\warnings.py,Python,.py,100,4007
pytest,src\_pytest\warning_types.py,Python,.py,115,4637
pytest,src\_pytest\_argcomplete.py,Python,.py,90,3893
pytest,src\_pytest\__init__.py,Python,.py,10,404
pytest,src\_pytest\assertion\compare_text.py,Python,.py,116,4676
pytest,src\_pytest\assertion\highlight.py,Python,.py,7,338
pytest,src\_pytest\assertion\rewrite.py,Python,.py,1029,48990
pytest,src\_pytest\assertion\truncate.py,Python,.py,133,6323
pytest,src\_pytest\assertion\util.py,Python,.py,165,7201
pytest,src\_pytest\assertion\_compare_any.py,Python,.py,128,5389
pytest,src\_pytest\assertion\_compare_mapping.py,Python,.py,66,2798
pytest,src\_pytest\assertion\_compare_sequence.py,Python,.py,84,3692
pytest,src\_pytest\assertion\_compare_set.py,Python,.py,81,2768
pytest,src\_pytest\assertion\_guards.py,Python,.py,39,2015
pytest,src\_pytest\assertion\_typing.py,Python,.py,23,1188
pytest,src\_pytest\assertion\__init__.py,Python,.py,214,9601
pytest,src\_pytest\config\argparsing.py,Python,.py,515,23347
pytest,src\_pytest\config\exceptions.py,Python,.py,9,330
pytest,src\_pytest\config\findpaths.py,Python,.py,417,18633
pytest,src\_pytest\config\__init__.py,Python,.py,2103,92327
pytest,src\_pytest\mark\expression.py,Python,.py,290,12049
pytest,src\_pytest\mark\structures.py,Python,.py,588,25783
pytest,src\_pytest\mark\__init__.py,Python,.py,250,10865
pytest,src\_pytest\_code\code.py,Python,.py,1414,62560
pytest,src\_pytest\_code\source.py,Python,.py,226,9549
pytest,src\_pytest\_code\__init__.py,Python,.py,22,547
pytest,src\_pytest\_io\pprint.py,Python,.py,617,22107
pytest,src\_pytest\_io\saferepr.py,Python,.py,126,5075
pytest,src\_pytest\_io\terminalwriter.py,Python,.py,219,9252
pytest,src\_pytest\_io\wcwidth.py,Python,.py,43,1346
pytest,src\_pytest\_io\__init__.py,Python,.py,7,200
pytest,src\_pytest\_py\error.py,Python,.py,97,3594
pytest,src\_pytest\_py\path.py,Python,.py,1271,50704
pytest,src\_pytest\_py\__init__.py,Python,.py,0,0
pytest,testing\acceptance_test.py,Python,.py,1539,62969
pytest,testing\conftest.py,Python,.py,195,8316
pytest,testing\deprecated_test.py,Python,.py,301,12593
pytest,testing\test_argcomplete.py,Python,.py,72,3334
pytest,testing\test_assertion.py,Python,.py,2730,104590
pytest,testing\test_assertrewrite.py,Python,.py,2002,78394
pytest,testing\test_assertrewrite_coverage.py,Python,.py,1057,40925
pytest,testing\test_cacheprovider.py,Python,.py,1291,51481
pytest,testing\test_capture.py,Python,.py,1549,57678
pytest,testing\test_collection.py,Python,.py,2466,97386
pytest,testing\test_collect_imported_tests.py,Python,.py,84,2991
pytest,testing\test_compat.py,Python,.py,151,5153
pytest,testing\test_config.py,Python,.py,3120,124565
pytest,testing\test_conftest.py,Python,.py,957,36018
pytest,testing\test_debugging.py,Python,.py,1255,48032
pytest,testing\test_doctest.py,Python,.py,1635,57213
pytest,testing\test_entry_points.py,Python,.py,7,325
pytest,testing\test_error_diffs.py,Python,.py,284,8971
pytest,testing\test_faulthandler.py,Python,.py,187,6961
pytest,testing\test_findpaths.py,Python,.py,237,10580
pytest,testing\test_helpconfig.py,Python,.py,142,5980
pytest,testing\test_junitxml.py,Python,.py,1658,63673
pytest,testing\test_legacypath.py,Python,.py,154,6056
pytest,testing\test_link_resolve.py,Python,.py,70,2463
pytest,testing\test_main.py,Python,.py,329,13169
pytest,testing\test_mark.py,Python,.py,1317,47406
pytest,testing\test_mark_expression.py,Python,.py,317,12094
pytest,testing\test_meta.py,Python,.py,26,827
pytest,testing\test_monkeypatch.py,Python,.py,534,19624
pytest,testing\test_nodeid.py,Python,.py,143,6912
pytest,testing\test_nodes.py,Python,.py,130,5568
pytest,testing\test_parseopt.py,Python,.py,339,16605
pytest,testing\test_pastebin.py,Python,.py,180,7317
pytest,testing\test_pathlib.py,Python,.py,1544,65939
pytest,testing\test_pluginmanager.py,Python,.py,505,21581
pytest,testing\test_pytester.py,Python,.py,708,29067
pytest,testing\test_python_path.py,Python,.py,103,4195
pytest,testing\test_recwarn.py,Python,.py,542,25350
pytest,testing\test_reports.py,Python,.py,542,24271
pytest,testing\test_runner.py,Python,.py,1091,41750
pytest,testing\test_runner_xunit.py,Python,.py,241,8154
pytest,testing\test_scope.py,Python,.py,28,1423
pytest,testing\test_session.py,Python,.py,415,16020
pytest,testing\test_setuponly.py,Python,.py,273,8546
pytest,testing\test_setupplan.py,Python,.py,103,3656
pytest,testing\test_skipping.py,Python,.py,1397,47170
pytest,testing\test_stash.py,Python,.py,59,1945
pytest,testing\test_stepwise.py,Python,.py,455,16995
pytest,testing\test_subtests.py,Python,.py,940,35923
pytest,testing\test_terminal.py,Python,.py,3156,122566
pytest,testing\test_threadexception.py,Python,.py,210,7437
pytest,testing\test_tmpdir.py,Python,.py,747,30851
pytest,testing\test_unittest.py,Python,.py,1481,53121
pytest,testing\test_unraisableexception.py,Python,.py,433,17216
pytest,testing\test_warnings.py,Python,.py,1010,40376
pytest,testing\test_warning_types.py,Python,.py,41,1558
pytest,testing\typing_checks.py,Python,.py,54,2005
pytest,testing\typing_raises_group.py,Python,.py,176,8604
pytest,testing\code\test_code.py,Python,.py,165,6260
pytest,testing\code\test_excinfo.py,Python,.py,1979,79483
pytest,testing\code\test_source.py,Python,.py,560,19047
pytest,testing\examples\test_issue519.py,Python,.py,6,248
pytest,testing\example_scripts\issue_519.py,Python,.py,38,1510
pytest,testing\example_scripts\__init__.py,Python,.py,0,0
pytest,testing\example_scripts\acceptance\fixture_mock_integration.py,Python,.py,12,380
pytest,testing\example_scripts\collect\collect_init_tests\tests\test_foo.py,Python,.py,4,95
pytest,testing\example_scripts\collect\collect_init_tests\tests\__init__.py,Python,.py,4,96
pytest,testing\example_scripts\collect\package_infinite_recursion\conftest.py,Python,.py,4,131
pytest,testing\example_scripts\collect\package_infinite_recursion\tests\test_basic.py,Python,.py,4,91
pytest,testing\example_scripts\collect\package_infinite_recursion\tests\__init__.py,Python,.py,0,0
pytest,testing\example_scripts\collect\package_init_given_as_arg\pkg\test_foo.py,Python,.py,4,95
pytest,testing\example_scripts\collect\package_init_given_as_arg\pkg\__init__.py,Python,.py,4,96
pytest,testing\example_scripts\config\collect_pytest_prefix\conftest.py,Python,.py,3,75
pytest,testing\example_scripts\config\collect_pytest_prefix\test_foo.py,Python,.py,4,95
pytest,testing\example_scripts\conftest_usageerror\conftest.py,Python,.py,7,235
pytest,testing\example_scripts\customdirectory\conftest.py,Python,.py,19,718
pytest,testing\example_scripts\customdirectory\tests\test_first.py,Python,.py,5,121
pytest,testing\example_scripts\customdirectory\tests\test_second.py,Python,.py,5,122
pytest,testing\example_scripts\customdirectory\tests\test_third.py,Python,.py,5,121
pytest,testing\example_scripts\dataclasses\test_compare_dataclasses.py,Python,.py,11,355
pytest,testing\example_scripts\dataclasses\test_compare_dataclasses_field_comparison_off.py,Python,.py,11,398
pytest,testing\example_scripts\dataclasses\test_compare_dataclasses_verbose.py,Python,.py,11,363
pytest,testing\example_scripts\dataclasses\test_compare_dataclasses_with_custom_eq.py,Python,.py,13,444
pytest,testing\example_scripts\dataclasses\test_compare_initvar.py,Python,.py,10,275
pytest,testing\example_scripts\dataclasses\test_compare_recursive_dataclasses.py,Python,.py,35,661
pytest,testing\example_scripts\dataclasses\test_compare_two_different_dataclasses.py,Python,.py,15,539
pytest,testing\example_scripts\doctest\main_py\test_normal_module.py,Python,.py,8,147
pytest,testing\example_scripts\doctest\main_py\__main__.py,Python,.py,4,114
pytest,testing\example_scripts\fixtures\test_fixture_named_request.py,Python,.py,8,155
pytest,testing\example_scripts\fixtures\test_getfixturevalue_dynamic.py,Python,.py,14,344
pytest,testing\example_scripts\fixtures\custom_item\conftest.py,Python,.py,11,393
pytest,testing\example_scripts\fixtures\custom_item\foo\test_foo.py,Python,.py,4,91
pytest,testing\example_scripts\fixtures\custom_item\foo\__init__.py,Python,.py,0,0
pytest,testing\example_scripts\fixtures\fill_fixtures\test_detect_recursive_dependency_error.py,Python,.py,11,216
pytest,testing\example_scripts\fixtures\fill_fixtures\test_extend_fixture_module_class.py,Python,.py,12,297
pytest,testing\example_scripts\fixtures\fill_fixtures\test_funcarg_basic.py,Python,.py,11,260
pytest,testing\example_scripts\fixtures\fill_fixtures\test_funcarg_lookupfails.py,Python,.py,8,181
pytest,testing\example_scripts\fixtures\fill_fixtures\test_funcarg_lookup_classlevel.py,Python,.py,9,267
pytest,testing\example_scripts\fixtures\fill_fixtures\test_funcarg_lookup_modulelevel.py,Python,.py,11,337
pytest,testing\example_scripts\fixtures\fill_fixtures\test_conftest_funcargs_only_available_in_subdir\sub1\conftest.py,Python,.py,7,215
pytest,testing\example_scripts\fixtures\fill_fixtures\test_conftest_funcargs_only_available_in_subdir\sub1\test_in_sub1.py,Python,.py,4,97
pytest,testing\example_scripts\fixtures\fill_fixtures\test_conftest_funcargs_only_available_in_subdir\sub1\__init__.py,Python,.py,0,0
pytest,testing\example_scripts\fixtures\fill_fixtures\test_conftest_funcargs_only_available_in_subdir\sub2\conftest.py,Python,.py,8,257
pytest,testing\example_scripts\fixtures\fill_fixtures\test_conftest_funcargs_only_available_in_subdir\sub2\test_in_sub2.py,Python,.py,4,97
pytest,testing\example_scripts\fixtures\fill_fixtures\test_conftest_funcargs_only_available_in_subdir\sub2\__init__.py,Python,.py,0,0
pytest,testing\example_scripts\fixtures\fill_fixtures\test_extend_fixture_conftest_conftest\conftest.py,Python,.py,6,134
pytest,testing\example_scripts\fixtures\fill_fixtures\test_extend_fixture_conftest_conftest\pkg\conftest.py,Python,.py,6,140
pytest,testing\example_scripts\fixtures\fill_fixtures\test_extend_fixture_conftest_conftest\pkg\test_spam.py,Python,.py,4,121
pytest,testing\example_scripts\fixtures\fill_fixtures\test_extend_fixture_conftest_conftest\pkg\__init__.py,Python,.py,0,0
pytest,testing\example_scripts\fixtures\fill_fixtures\test_extend_fixture_conftest_module\conftest.py,Python,.py,6,134
pytest,testing\example_scripts\fixtures\fill_fixtures\test_extend_fixture_conftest_module\test_extend_fixture_conftest_module.py,Python,.py,8,197
pytest,testing\example_scripts\issue88_initial_file_multinodes\conftest.py,Python,.py,11,405
pytest,testing\example_scripts\issue88_initial_file_multinodes\test_hello.py,Python,.py,4,97
pytest,testing\example_scripts\marks\marks_considered_keywords\conftest.py,Python,.py,0,0
pytest,testing\example_scripts\marks\marks_considered_keywords\test_marks_as_keywords.py,Python,.py,6,131
pytest,testing\example_scripts\perf_examples\collect_stats\generate_folders.py,Python,.py,23,950
pytest,testing\example_scripts\perf_examples\collect_stats\template_test.py,Python,.py,4,93
pytest,testing\example_scripts\tmpdir\tmp_path_fixture.py,Python,.py,7,236
pytest,testing\example_scripts\unittest\test_parametrized_fixture_error_message.py,Python,.py,11,302
pytest,testing\example_scripts\unittest\test_setup_skip.py,Python,.py,11,360
pytest,testing\example_scripts\unittest\test_setup_skip_class.py,Python,.py,12,387
pytest,testing\example_scripts\unittest\test_setup_skip_module.py,Python,.py,10,313
pytest,testing\example_scripts\unittest\test_unittest_asyncio.py,Python,.py,17,657
pytest,testing\example_scripts\unittest\test_unittest_asynctest.py,Python,.py,16,496
pytest,testing\example_scripts\unittest\test_unittest_plain_async.py,Python,.py,6,172
pytest,testing\example_scripts\warnings\test_group_warnings_by_message.py,Python,.py,14,357
pytest,testing\example_scripts\warnings\test_group_warnings_by_message_summary\test_1.py,Python,.py,14,359
pytest,testing\example_scripts\warnings\test_group_warnings_by_message_summary\test_2.py,Python,.py,5,127
pytest,testing\freeze\create_executable.py,Python,.py,11,479
pytest,testing\freeze\runtests_script.py,Python,.py,9,244
pytest,testing\freeze\tox_run.py,Python,.py,13,441
pytest,testing\freeze\tests\test_trivial.py,Python,.py,6,180
pytest,testing\io\test_pprint.py,Python,.py,662,21717
pytest,testing\io\test_saferepr.py,Python,.py,168,6362
pytest,testing\io\test_terminalwriter.py,Python,.py,259,10200
pytest,testing\io\test_wcwidth.py,Python,.py,35,901
pytest,testing\logging\test_fixture.py,Python,.py,425,18871
pytest,testing\logging\test_formatter.py,Python,.py,153,5594
pytest,testing\logging\test_reporting.py,Python,.py,1333,50158
pytest,testing\plugins_integration\bdd_wallet.py,Python,.py,27,723
pytest,testing\plugins_integration\django_settings.py,Python,.py,2,65
pytest,testing\plugins_integration\pytest_anyio_integration.py,Python,.py,7,172
pytest,testing\plugins_integration\pytest_asyncio_integration.py,Python,.py,7,178
pytest,testing\plugins_integration\pytest_mock_integration.py,Python,.py,4,118
pytest,testing\plugins_integration\pytest_rerunfailures_integration.py,Python,.py,9,317
pytest,testing\plugins_integration\pytest_trio_integration.py,Python,.py,7,169
pytest,testing\plugins_integration\pytest_twisted_integration.py,Python,.py,13,437
pytest,testing\plugins_integration\simple_integration.py,Python,.py,8,199
pytest,testing\python\approx.py,Python,.py,1497,67984
pytest,testing\python\collect.py,Python,.py,1537,58168
pytest,testing\python\fixtures.py,Python,.py,5420,201474
pytest,testing\python\integration.py,Python,.py,394,14541
pytest,testing\python\metafunc.py,Python,.py,2178,87501
pytest,testing\python\raises.py,Python,.py,435,19765
pytest,testing\python\raises_group.py,Python,.py,1231,57265
pytest,testing\python\show_fixtures_per_test.py,Python,.py,286,9957
pytest,testing\_py\test_local.py,Python,.py,1318,54212
fastapi,docs\en\docs\css\custom.css,CSS,.css,482,14142
fastapi,docs\en\docs\css\termynal.css,CSS,.css,104,2568
fastapi,docs\en\docs\js\custom.js,JavaScript,.js,237,9534
fastapi,docs\en\docs\js\init_kapa_widget.js,JavaScript,.js,29,2362
fastapi,docs\en\docs\js\termynal.js,JavaScript,.js,237,9766
fastapi,docs\en\overrides\main.html,HTML,.html,95,3716
fastapi,docs\en\overrides\partials\banner-sponsors.html,HTML,.html,48,3403
fastapi,docs\en\overrides\partials\conf-rail.html,HTML,.html,7,574
fastapi,docs\en\overrides\partials\copyright.html,HTML,.html,11,426
fastapi,docs_src\additional_responses\tutorial001_py310.py,Python,.py,14,528
fastapi,docs_src\additional_responses\tutorial002_py310.py,Python,.py,22,624
fastapi,docs_src\additional_responses\tutorial003_py310.py,Python,.py,29,874
fastapi,docs_src\additional_responses\tutorial004_py310.py,Python,.py,22,699
fastapi,docs_src\additional_responses\__init__.py,Python,.py,0,0
fastapi,docs_src\additional_status_codes\tutorial001_an_py310.py,Python,.py,20,711
fastapi,docs_src\additional_status_codes\tutorial001_py310.py,Python,.py,19,669
fastapi,docs_src\additional_status_codes\__init__.py,Python,.py,0,0
fastapi,docs_src\advanced_middleware\tutorial001_py310.py,Python,.py,7,242
fastapi,docs_src\advanced_middleware\tutorial002_py310.py,Python,.py,9,292
fastapi,docs_src\advanced_middleware\tutorial003_py310.py,Python,.py,7,241
fastapi,docs_src\advanced_middleware\__init__.py,Python,.py,0,0
fastapi,docs_src\app_testing\tutorial001_py310.py,Python,.py,11,352
fastapi,docs_src\app_testing\tutorial002_py310.py,Python,.py,22,788
fastapi,docs_src\app_testing\tutorial003_py310.py,Python,.py,16,552
fastapi,docs_src\app_testing\tutorial004_py310.py,Python,.py,29,1230
fastapi,docs_src\app_testing\__init__.py,Python,.py,0,0
fastapi,docs_src\app_testing\app_a_py310\main.py,Python,.py,5,126
fastapi,docs_src\app_testing\app_a_py310\test_main.py,Python,.py,7,249
fastapi,docs_src\app_testing\app_a_py310\__init__.py,Python,.py,0,0
fastapi,docs_src\app_testing\app_b_an_py310\main.py,Python,.py,28,1201
fastapi,docs_src\app_testing\app_b_an_py310\test_main.py,Python,.py,51,1931
fastapi,docs_src\app_testing\app_b_an_py310\__init__.py,Python,.py,0,0
fastapi,docs_src\app_testing\app_b_py310\main.py,Python,.py,27,1149
fastapi,docs_src\app_testing\app_b_py310\test_main.py,Python,.py,51,1931
fastapi,docs_src\app_testing\app_b_py310\__init__.py,Python,.py,0,0
fastapi,docs_src\async_tests\__init__.py,Python,.py,0,0
fastapi,docs_src\async_tests\app_a_py310\main.py,Python,.py,5,120
fastapi,docs_src\async_tests\app_a_py310\test_main.py,Python,.py,11,374
fastapi,docs_src\async_tests\app_a_py310\__init__.py,Python,.py,0,0
fastapi,docs_src\authentication_error_status_code\tutorial001_an_py310.py,Python,.py,13,639
fastapi,docs_src\authentication_error_status_code\__init__.py,Python,.py,0,0
fastapi,docs_src\background_tasks\tutorial001_py310.py,Python,.py,10,534
fastapi,docs_src\background_tasks\tutorial002_an_py310.py,Python,.py,18,709
fastapi,docs_src\background_tasks\tutorial002_py310.py,Python,.py,17,667
fastapi,docs_src\background_tasks\__init__.py,Python,.py,0,0
fastapi,docs_src\behind_a_proxy\tutorial001_01_py310.py,Python,.py,5,130
fastapi,docs_src\behind_a_proxy\tutorial001_py310.py,Python,.py,5,197
fastapi,docs_src\behind_a_proxy\tutorial002_py310.py,Python,.py,5,216
fastapi,docs_src\behind_a_proxy\tutorial003_py310.py,Python,.py,11,419
fastapi,docs_src\behind_a_proxy\tutorial004_py310.py,Python,.py,12,452
fastapi,docs_src\behind_a_proxy\__init__.py,Python,.py,0,0
fastapi,docs_src\bigger_applications\__init__.py,Python,.py,0,0
fastapi,docs_src\bigger_applications\app_an_py310\dependencies.py,Python,.py,8,422
fastapi,docs_src\bigger_applications\app_an_py310\main.py,Python,.py,17,575
fastapi,docs_src\bigger_applications\app_an_py310\__init__.py,Python,.py,0,0
fastapi,docs_src\bigger_applications\app_an_py310\internal\admin.py,Python,.py,5,155
fastapi,docs_src\bigger_applications\app_an_py310\internal\__init__.py,Python,.py,0,0
fastapi,docs_src\bigger_applications\app_an_py310\routers\items.py,Python,.py,28,1049
fastapi,docs_src\bigger_applications\app_an_py310\routers\users.py,Python,.py,11,425
fastapi,docs_src\bigger_applications\app_an_py310\routers\__init__.py,Python,.py,0,0
fastapi,docs_src\body\tutorial001_py310.py,Python,.py,11,288
fastapi,docs_src\body\tutorial002_py310.py,Python,.py,15,468
fastapi,docs_src\body\tutorial003_py310.py,Python,.py,11,347
fastapi,docs_src\body\tutorial004_py310.py,Python,.py,14,434
fastapi,docs_src\body\__init__.py,Python,.py,0,0
fastapi,docs_src\body_fields\tutorial001_an_py310.py,Python,.py,15,584
fastapi,docs_src\body_fields\tutorial001_py310.py,Python,.py,14,542
fastapi,docs_src\body_fields\__init__.py,Python,.py,0,0
fastapi,docs_src\body_multiple_params\tutorial001_an_py310.py,Python,.py,21,606
fastapi,docs_src\body_multiple_params\tutorial001_py310.py,Python,.py,21,572
fastapi,docs_src\body_multiple_params\tutorial002_py310.py,Python,.py,15,468
fastapi,docs_src\body_multiple_params\tutorial003_an_py310.py,Python,.py,18,576
fastapi,docs_src\body_multiple_params\tutorial003_py310.py,Python,.py,15,526
fastapi,docs_src\body_multiple_params\tutorial004_an_py310.py,Python,.py,25,676
fastapi,docs_src\body_multiple_params\tutorial004_py310.py,Python,.py,24,634
fastapi,docs_src\body_multiple_params\tutorial005_an_py310.py,Python,.py,13,428
fastapi,docs_src\body_multiple_params\tutorial005_py310.py,Python,.py,12,386
fastapi,docs_src\body_multiple_params\__init__.py,Python,.py,0,0
fastapi,docs_src\body_nested_models\tutorial001_py310.py,Python,.py,13,382
fastapi,docs_src\body_nested_models\tutorial002_py310.py,Python,.py,13,387
fastapi,docs_src\body_nested_models\tutorial003_py310.py,Python,.py,13,389
fastapi,docs_src\body_nested_models\tutorial004_py310.py,Python,.py,17,479
fastapi,docs_src\body_nested_models\tutorial005_py310.py,Python,.py,17,492
fastapi,docs_src\body_nested_models\tutorial006_py310.py,Python,.py,17,499
fastapi,docs_src\body_nested_models\tutorial007_py310.py,Python,.py,21,550
fastapi,docs_src\body_nested_models\tutorial008_py310.py,Python,.py,9,262
fastapi,docs_src\body_nested_models\tutorial009_py310.py,Python,.py,5,162
fastapi,docs_src\body_nested_models\__init__.py,Python,.py,0,0
fastapi,docs_src\body_updates\tutorial001_py310.py,Python,.py,23,888
fastapi,docs_src\body_updates\tutorial002_py310.py,Python,.py,26,1044
fastapi,docs_src\body_updates\__init__.py,Python,.py,0,0
fastapi,docs_src\conditional_openapi\tutorial001_py310.py,Python,.py,9,297
fastapi,docs_src\conditional_openapi\__init__.py,Python,.py,0,0
fastapi,docs_src\configure_swagger_ui\tutorial001_py310.py,Python,.py,5,213
fastapi,docs_src\configure_swagger_ui\tutorial002_py310.py,Python,.py,5,229
fastapi,docs_src\configure_swagger_ui\tutorial003_py310.py,Python,.py,5,209
fastapi,docs_src\configure_swagger_ui\__init__.py,Python,.py,0,0
fastapi,docs_src\cookie_params\tutorial001_an_py310.py,Python,.py,6,215
fastapi,docs_src\cookie_params\tutorial001_py310.py,Python,.py,5,178
fastapi,docs_src\cookie_params\__init__.py,Python,.py,0,0
fastapi,docs_src\cookie_param_models\tutorial001_an_py310.py,Python,.py,11,360
fastapi,docs_src\cookie_param_models\tutorial001_py310.py,Python,.py,10,318
fastapi,docs_src\cookie_param_models\tutorial002_an_py310.py,Python,.py,12,402
fastapi,docs_src\cookie_param_models\tutorial002_py310.py,Python,.py,11,360
fastapi,docs_src\cookie_param_models\__init__.py,Python,.py,0,0
fastapi,docs_src\cors\tutorial001_py310.py,Python,.py,19,483
fastapi,docs_src\cors\__init__.py,Python,.py,0,0
fastapi,docs_src\custom_docs_ui\tutorial001_py310.py,Python,.py,29,1181
fastapi,docs_src\custom_docs_ui\tutorial002_py310.py,Python,.py,31,1216
fastapi,docs_src\custom_docs_ui\__init__.py,Python,.py,0,0
fastapi,docs_src\custom_request_and_route\tutorial001_an_py310.py,Python,.py,25,1051
fastapi,docs_src\custom_request_and_route\tutorial001_py310.py,Python,.py,24,1011
fastapi,docs_src\custom_request_and_route\tutorial002_an_py310.py,Python,.py,21,1004
fastapi,docs_src\custom_request_and_route\tutorial002_py310.py,Python,.py,20,964
fastapi,docs_src\custom_request_and_route\tutorial003_py310.py,Python,.py,26,1090
fastapi,docs_src\custom_request_and_route\__init__.py,Python,.py,0,0
fastapi,docs_src\custom_response\tutorial001b_py310.py,Python,.py,6,224
fastapi,docs_src\custom_response\tutorial001_py310.py,Python,.py,6,206
fastapi,docs_src\custom_response\tutorial002_py310.py,Python,.py,15,370
fastapi,docs_src\custom_response\tutorial003_py310.py,Python,.py,16,413
fastapi,docs_src\custom_response\tutorial004_py310.py,Python,.py,18,514
fastapi,docs_src\custom_response\tutorial005_py310.py,Python,.py,6,195
fastapi,docs_src\custom_response\tutorial006b_py310.py,Python,.py,6,229
fastapi,docs_src\custom_response\tutorial006c_py310.py,Python,.py,6,246
fastapi,docs_src\custom_response\tutorial006_py310.py,Python,.py,6,208
fastapi,docs_src\custom_response\tutorial007_py310.py,Python,.py,11,335
fastapi,docs_src\custom_response\tutorial008_py310.py,Python,.py,10,374
fastapi,docs_src\custom_response\tutorial009b_py310.py,Python,.py,7,227
fastapi,docs_src\custom_response\tutorial009c_py310.py,Python,.py,12,470
fastapi,docs_src\custom_response\tutorial009_py310.py,Python,.py,7,212
fastapi,docs_src\custom_response\tutorial010_py310.py,Python,.py,6,237
fastapi,docs_src\custom_response\__init__.py,Python,.py,0,0
fastapi,docs_src\dataclasses_\tutorial001_py310.py,Python,.py,12,294
fastapi,docs_src\dataclasses_\tutorial002_py310.py,Python,.py,18,531
fastapi,docs_src\dataclasses_\tutorial003_py310.py,Python,.py,43,1417
fastapi,docs_src\dataclasses_\__init__.py,Python,.py,0,0
fastapi,docs_src\debugging\tutorial001_py310.py,Python,.py,10,238
fastapi,docs_src\debugging\__init__.py,Python,.py,0,0
fastapi,docs_src\dependencies\tutorial001_02_an_py310.py,Python,.py,12,469
fastapi,docs_src\dependencies\tutorial001_an_py310.py,Python,.py,11,473
fastapi,docs_src\dependencies\tutorial001_py310.py,Python,.py,10,421
fastapi,docs_src\dependencies\tutorial002_an_py310.py,Python,.py,17,689
fastapi,docs_src\dependencies\tutorial002_py310.py,Python,.py,16,647
fastapi,docs_src\dependencies\tutorial003_an_py310.py,Python,.py,17,680
fastapi,docs_src\dependencies\tutorial003_py310.py,Python,.py,16,626
fastapi,docs_src\dependencies\tutorial004_an_py310.py,Python,.py,17,672
fastapi,docs_src\dependencies\tutorial004_py310.py,Python,.py,16,630
fastapi,docs_src\dependencies\tutorial005_an_py310.py,Python,.py,17,535
fastapi,docs_src\dependencies\tutorial005_py310.py,Python,.py,13,463
fastapi,docs_src\dependencies\tutorial006_an_py310.py,Python,.py,13,654
fastapi,docs_src\dependencies\tutorial006_py310.py,Python,.py,12,602
fastapi,docs_src\dependencies\tutorial007_py310.py,Python,.py,6,105
fastapi,docs_src\dependencies\tutorial008b_an_py310.py,Python,.py,22,807
fastapi,docs_src\dependencies\tutorial008b_py310.py,Python,.py,21,765
fastapi,docs_src\dependencies\tutorial008c_an_py310.py,Python,.py,21,729
fastapi,docs_src\dependencies\tutorial008c_py310.py,Python,.py,20,687
fastapi,docs_src\dependencies\tutorial008d_an_py310.py,Python,.py,22,764
fastapi,docs_src\dependencies\tutorial008d_py310.py,Python,.py,21,722
fastapi,docs_src\dependencies\tutorial008e_an_py310.py,Python,.py,11,346
fastapi,docs_src\dependencies\tutorial008e_py310.py,Python,.py,10,304
fastapi,docs_src\dependencies\tutorial008_an_py310.py,Python,.py,20,548
fastapi,docs_src\dependencies\tutorial008_py310.py,Python,.py,19,480
fastapi,docs_src\dependencies\tutorial010_py310.py,Python,.py,10,306
fastapi,docs_src\dependencies\tutorial011_an_py310.py,Python,.py,14,567
fastapi,docs_src\dependencies\tutorial011_py310.py,Python,.py,13,525
fastapi,docs_src\dependencies\tutorial012_an_py310.py,Python,.py,16,773
fastapi,docs_src\dependencies\tutorial012_py310.py,Python,.py,15,721
fastapi,docs_src\dependencies\tutorial013_an_py310.py,Python,.py,24,975
fastapi,docs_src\dependencies\tutorial014_an_py310.py,Python,.py,25,996
fastapi,docs_src\dependencies\__init__.py,Python,.py,0,0
fastapi,docs_src\dependency_testing\tutorial001_an_py310.py,Python,.py,37,1585
fastapi,docs_src\dependency_testing\tutorial001_py310.py,Python,.py,36,1533
fastapi,docs_src\dependency_testing\__init__.py,Python,.py,0,0
fastapi,docs_src\encoder\tutorial001_py310.py,Python,.py,14,452
fastapi,docs_src\encoder\__init__.py,Python,.py,0,0
fastapi,docs_src\events\tutorial001_py310.py,Python,.py,10,299
fastapi,docs_src\events\tutorial002_py310.py,Python,.py,9,269
fastapi,docs_src\events\tutorial003_py310.py,Python,.py,17,597
fastapi,docs_src\events\__init__.py,Python,.py,0,0
fastapi,docs_src\extending_openapi\tutorial001_py310.py,Python,.py,22,766
fastapi,docs_src\extending_openapi\__init__.py,Python,.py,0,0
fastapi,docs_src\extra_data_types\tutorial001_an_py310.py,Python,.py,24,816
fastapi,docs_src\extra_data_types\tutorial001_py310.py,Python,.py,23,751
fastapi,docs_src\extra_data_types\__init__.py,Python,.py,0,0
fastapi,docs_src\extra_models\tutorial001_py310.py,Python,.py,28,946
fastapi,docs_src\extra_models\tutorial002_py310.py,Python,.py,24,837
fastapi,docs_src\extra_models\tutorial003_py310.py,Python,.py,22,645
fastapi,docs_src\extra_models\tutorial004_py310.py,Python,.py,13,376
fastapi,docs_src\extra_models\tutorial005_py310.py,Python,.py,5,188
fastapi,docs_src\extra_models\__init__.py,Python,.py,0,0
fastapi,docs_src\first_steps\tutorial001_py310.py,Python,.py,5,125
fastapi,docs_src\first_steps\tutorial003_py310.py,Python,.py,5,119
fastapi,docs_src\first_steps\__init__.py,Python,.py,0,0
fastapi,docs_src\frontend\tutorial001_py310.py,Python,.py,3,87
fastapi,docs_src\frontend\tutorial002_py310.py,Python,.py,3,110
fastapi,docs_src\frontend\tutorial003_py310.py,Python,.py,3,108
fastapi,docs_src\frontend\tutorial004_py310.py,Python,.py,5,189
fastapi,docs_src\frontend\tutorial005_py310.py,Python,.py,3,102
fastapi,docs_src\frontend\tutorial006_py310.py,Python,.py,3,104
fastapi,docs_src\frontend\__init__.py,Python,.py,0,0
fastapi,docs_src\generate_clients\tutorial001_py310.py,Python,.py,17,520
fastapi,docs_src\generate_clients\tutorial002_py310.py,Python,.py,23,766
fastapi,docs_src\generate_clients\tutorial003_py310.py,Python,.py,26,956
fastapi,docs_src\generate_clients\tutorial004.js,JavaScript,.js,32,1102
fastapi,docs_src\generate_clients\tutorial004_py310.py,Python,.py,12,508
fastapi,docs_src\generate_clients\__init__.py,Python,.py,0,0
fastapi,docs_src\graphql_\tutorial001_py310.py,Python,.py,16,449
fastapi,docs_src\graphql_\__init__.py,Python,.py,0,0
fastapi,docs_src\handling_errors\tutorial001_py310.py,Python,.py,8,311
fastapi,docs_src\handling_errors\tutorial002_py310.py,Python,.py,12,420
fastapi,docs_src\handling_errors\tutorial003_py310.py,Python,.py,17,651
fastapi,docs_src\handling_errors\tutorial004_py310.py,Python,.py,19,946
fastapi,docs_src\handling_errors\tutorial005_py310.py,Python,.py,18,651
fastapi,docs_src\handling_errors\tutorial006_py310.py,Python,.py,21,956
fastapi,docs_src\handling_errors\__init__.py,Python,.py,0,0
fastapi,docs_src\header_params\tutorial001_an_py310.py,Python,.py,6,227
fastapi,docs_src\header_params\tutorial001_py310.py,Python,.py,5,190
fastapi,docs_src\header_params\tutorial002_an_py310.py,Python,.py,8,273
fastapi,docs_src\header_params\tutorial002_py310.py,Python,.py,7,238
fastapi,docs_src\header_params\tutorial003_an_py310.py,Python,.py,6,231
fastapi,docs_src\header_params\tutorial003_py310.py,Python,.py,5,194
fastapi,docs_src\header_params\__init__.py,Python,.py,0,0
fastapi,docs_src\header_param_models\tutorial001_an_py310.py,Python,.py,13,411
fastapi,docs_src\header_param_models\tutorial001_py310.py,Python,.py,12,369
fastapi,docs_src\header_param_models\tutorial002_an_py310.py,Python,.py,14,453
fastapi,docs_src\header_param_models\tutorial002_py310.py,Python,.py,13,411
fastapi,docs_src\header_param_models\tutorial003_an_py310.py,Python,.py,15,445
fastapi,docs_src\header_param_models\tutorial003_py310.py,Python,.py,12,394
fastapi,docs_src\header_param_models\__init__.py,Python,.py,0,0
fastapi,docs_src\json_base64_bytes\tutorial001_py310.py,Python,.py,29,938
fastapi,docs_src\json_base64_bytes\__init__.py,Python,.py,0,0
fastapi,docs_src\metadata\tutorial001_1_py310.py,Python,.py,29,812
fastapi,docs_src\metadata\tutorial001_py310.py,Python,.py,29,843
fastapi,docs_src\metadata\tutorial002_py310.py,Python,.py,5,162
fastapi,docs_src\metadata\tutorial003_py310.py,Python,.py,5,169
fastapi,docs_src\metadata\tutorial004_py310.py,Python,.py,22,721
fastapi,docs_src\metadata\__init__.py,Python,.py,0,0
fastapi,docs_src\middleware\tutorial001_py310.py,Python,.py,10,379
fastapi,docs_src\middleware\__init__.py,Python,.py,0,0
fastapi,docs_src\openapi_callbacks\tutorial001_py310.py,Python,.py,35,1384
fastapi,docs_src\openapi_callbacks\__init__.py,Python,.py,0,0
fastapi,docs_src\openapi_webhooks\tutorial001_py310.py,Python,.py,17,575
fastapi,docs_src\openapi_webhooks\__init__.py,Python,.py,0,0
fastapi,docs_src\path_operation_advanced_configuration\tutorial001_py310.py,Python,.py,5,175
fastapi,docs_src\path_operation_advanced_configuration\tutorial002_py310.py,Python,.py,8,307
fastapi,docs_src\path_operation_advanced_configuration\tutorial003_py310.py,Python,.py,5,156
fastapi,docs_src\path_operation_advanced_configuration\tutorial004_py310.py,Python,.py,22,689
fastapi,docs_src\path_operation_advanced_configuration\tutorial005_py310.py,Python,.py,5,188
fastapi,docs_src\path_operation_advanced_configuration\tutorial006_py310.py,Python,.py,36,1084
fastapi,docs_src\path_operation_advanced_configuration\tutorial007_py310.py,Python,.py,27,829
fastapi,docs_src\path_operation_advanced_configuration\__init__.py,Python,.py,0,0
fastapi,docs_src\path_operation_configuration\tutorial001_py310.py,Python,.py,12,367
fastapi,docs_src\path_operation_configuration\tutorial002b_py310.py,Python,.py,12,343
fastapi,docs_src\path_operation_configuration\tutorial002_py310.py,Python,.py,18,551
fastapi,docs_src\path_operation_configuration\tutorial003_py310.py,Python,.py,16,478
fastapi,docs_src\path_operation_configuration\tutorial004_py310.py,Python,.py,20,651
fastapi,docs_src\path_operation_configuration\tutorial005_py310.py,Python,.py,24,711
fastapi,docs_src\path_operation_configuration\tutorial006_py310.py,Python,.py,11,383
fastapi,docs_src\path_operation_configuration\__init__.py,Python,.py,0,0
fastapi,docs_src\path_params\tutorial001_py310.py,Python,.py,5,146
fastapi,docs_src\path_params\tutorial002_py310.py,Python,.py,5,151
fastapi,docs_src\path_params\tutorial003b_py310.py,Python,.py,8,206
fastapi,docs_src\path_params\tutorial003_py310.py,Python,.py,8,249
fastapi,docs_src\path_params\tutorial004_py310.py,Python,.py,5,164
fastapi,docs_src\path_params\tutorial005_py310.py,Python,.py,14,569
fastapi,docs_src\path_params\__init__.py,Python,.py,0,0
fastapi,docs_src\path_params_numeric_validations\tutorial001_an_py310.py,Python,.py,12,391
fastapi,docs_src\path_params_numeric_validations\tutorial001_py310.py,Python,.py,11,346
fastapi,docs_src\path_params_numeric_validations\tutorial002_an_py310.py,Python,.py,11,326
fastapi,docs_src\path_params_numeric_validations\tutorial002_py310.py,Python,.py,8,276
fastapi,docs_src\path_params_numeric_validations\tutorial003_an_py310.py,Python,.py,11,326
fastapi,docs_src\path_params_numeric_validations\tutorial003_py310.py,Python,.py,8,279
fastapi,docs_src\path_params_numeric_validations\tutorial004_an_py310.py,Python,.py,11,332
fastapi,docs_src\path_params_numeric_validations\tutorial004_py310.py,Python,.py,10,293
fastapi,docs_src\path_params_numeric_validations\tutorial005_an_py310.py,Python,.py,12,347
fastapi,docs_src\path_params_numeric_validations\tutorial005_py310.py,Python,.py,12,313
fastapi,docs_src\path_params_numeric_validations\tutorial006_an_py310.py,Python,.py,16,467
fastapi,docs_src\path_params_numeric_validations\tutorial006_py310.py,Python,.py,15,415
fastapi,docs_src\path_params_numeric_validations\__init__.py,Python,.py,0,0
fastapi,docs_src\pydantic_v1_in_v2\tutorial001_an_py310.py,Python,.py,5,131
fastapi,docs_src\pydantic_v1_in_v2\tutorial002_an_py310.py,Python,.py,10,268
fastapi,docs_src\pydantic_v1_in_v2\tutorial003_an_py310.py,Python,.py,15,430
fastapi,docs_src\pydantic_v1_in_v2\tutorial004_an_py310.py,Python,.py,12,379
fastapi,docs_src\pydantic_v1_in_v2\__init__.py,Python,.py,0,0
fastapi,docs_src\python_types\tutorial001_py310.py,Python,.py,4,168
fastapi,docs_src\python_types\tutorial002_py310.py,Python,.py,4,178
fastapi,docs_src\python_types\tutorial003_py310.py,Python,.py,3,122
fastapi,docs_src\python_types\tutorial004_py310.py,Python,.py,3,127
fastapi,docs_src\python_types\tutorial005_py310.py,Python,.py,2,137
fastapi,docs_src\python_types\tutorial006_py310.py,Python,.py,3,83
fastapi,docs_src\python_types\tutorial007_py310.py,Python,.py,2,101
fastapi,docs_src\python_types\tutorial008b_py310.py,Python,.py,2,53
fastapi,docs_src\python_types\tutorial008_py310.py,Python,.py,4,149
fastapi,docs_src\python_types\tutorial009_py310.py,Python,.py,5,136
fastapi,docs_src\python_types\tutorial010_py310.py,Python,.py,5,151
fastapi,docs_src\python_types\tutorial011_py310.py,Python,.py,17,483
fastapi,docs_src\python_types\tutorial013_py310.py,Python,.py,3,132
fastapi,docs_src\python_types\__init__.py,Python,.py,0,0
fastapi,docs_src\query_params\tutorial001_py310.py,Python,.py,6,260
fastapi,docs_src\query_params\tutorial002_py310.py,Python,.py,7,229
fastapi,docs_src\query_params\tutorial003_py310.py,Python,.py,12,389
fastapi,docs_src\query_params\tutorial004_py310.py,Python,.py,14,453
fastapi,docs_src\query_params\tutorial005_py310.py,Python,.py,6,201
fastapi,docs_src\query_params\tutorial006_py310.py,Python,.py,8,280
fastapi,docs_src\query_params\__init__.py,Python,.py,0,0
fastapi,docs_src\query_params_str_validations\tutorial001_py310.py,Python,.py,8,250
fastapi,docs_src\query_params_str_validations\tutorial002_an_py310.py,Python,.py,9,322
fastapi,docs_src\query_params_str_validations\tutorial002_py310.py,Python,.py,8,287
fastapi,docs_src\query_params_str_validations\tutorial003_an_py310.py,Python,.py,11,345
fastapi,docs_src\query_params_str_validations\tutorial003_py310.py,Python,.py,8,301
fastapi,docs_src\query_params_str_validations\tutorial004_an_py310.py,Python,.py,13,385
fastapi,docs_src\query_params_str_validations\tutorial004_py310.py,Python,.py,12,350
fastapi,docs_src\query_params_str_validations\tutorial005_an_py310.py,Python,.py,9,322
fastapi,docs_src\query_params_str_validations\tutorial005_py310.py,Python,.py,8,287
fastapi,docs_src\query_params_str_validations\tutorial006c_an_py310.py,Python,.py,9,314
fastapi,docs_src\query_params_str_validations\tutorial006c_py310.py,Python,.py,8,272
fastapi,docs_src\query_params_str_validations\tutorial006_an_py310.py,Python,.py,9,307
fastapi,docs_src\query_params_str_validations\tutorial006_py310.py,Python,.py,8,265
fastapi,docs_src\query_params_str_validations\tutorial007_an_py310.py,Python,.py,11,352
fastapi,docs_src\query_params_str_validations\tutorial007_py310.py,Python,.py,10,317
fastapi,docs_src\query_params_str_validations\tutorial008_an_py310.py,Python,.py,18,520
fastapi,docs_src\query_params_str_validations\tutorial008_py310.py,Python,.py,15,452
fastapi,docs_src\query_params_str_validations\tutorial009_an_py310.py,Python,.py,9,327
fastapi,docs_src\query_params_str_validations\tutorial009_py310.py,Python,.py,8,292
fastapi,docs_src\query_params_str_validations\tutorial010_an_py310.py,Python,.py,22,648
fastapi,docs_src\query_params_str_validations\tutorial010_py310.py,Python,.py,19,564
fastapi,docs_src\query_params_str_validations\tutorial011_an_py310.py,Python,.py,7,235
fastapi,docs_src\query_params_str_validations\tutorial011_py310.py,Python,.py,6,198
fastapi,docs_src\query_params_str_validations\tutorial012_an_py310.py,Python,.py,7,238
fastapi,docs_src\query_params_str_validations\tutorial012_py310.py,Python,.py,6,201
fastapi,docs_src\query_params_str_validations\tutorial013_an_py310.py,Python,.py,7,221
fastapi,docs_src\query_params_str_validations\tutorial013_py310.py,Python,.py,6,184
fastapi,docs_src\query_params_str_validations\tutorial014_an_py310.py,Python,.py,11,346
fastapi,docs_src\query_params_str_validations\tutorial014_py310.py,Python,.py,10,311
fastapi,docs_src\query_params_str_validations\tutorial015_an_py310.py,Python,.py,23,798
fastapi,docs_src\query_params_str_validations\__init__.py,Python,.py,0,0
fastapi,docs_src\query_param_models\tutorial001_an_py310.py,Python,.py,12,461
fastapi,docs_src\query_param_models\tutorial001_py310.py,Python,.py,12,440
fastapi,docs_src\query_param_models\tutorial002_an_py310.py,Python,.py,13,503
fastapi,docs_src\query_param_models\tutorial002_py310.py,Python,.py,13,482
fastapi,docs_src\query_param_models\__init__.py,Python,.py,0,0
fastapi,docs_src\request_files\tutorial001_02_an_py310.py,Python,.py,15,526
fastapi,docs_src\request_files\tutorial001_02_py310.py,Python,.py,14,489
fastapi,docs_src\request_files\tutorial001_03_an_py310.py,Python,.py,11,438
fastapi,docs_src\request_files\tutorial001_03_py310.py,Python,.py,10,386
fastapi,docs_src\request_files\tutorial001_an_py310.py,Python,.py,9,337
fastapi,docs_src\request_files\tutorial001_py310.py,Python,.py,8,295
fastapi,docs_src\request_files\tutorial002_an_py310.py,Python,.py,25,859
fastapi,docs_src\request_files\tutorial002_py310.py,Python,.py,24,817
fastapi,docs_src\request_files\tutorial003_an_py310.py,Python,.py,31,991
fastapi,docs_src\request_files\tutorial003_py310.py,Python,.py,28,923
fastapi,docs_src\request_files\__init__.py,Python,.py,0,0
fastapi,docs_src\request_forms\tutorial001_an_py310.py,Python,.py,6,233
fastapi,docs_src\request_forms\tutorial001_py310.py,Python,.py,5,181
fastapi,docs_src\request_forms\__init__.py,Python,.py,0,0
fastapi,docs_src\request_forms_and_files\tutorial001_an_py310.py,Python,.py,14,404
fastapi,docs_src\request_forms_and_files\tutorial001_py310.py,Python,.py,11,331
fastapi,docs_src\request_forms_and_files\__init__.py,Python,.py,0,0
fastapi,docs_src\request_form_models\tutorial001_an_py310.py,Python,.py,10,284
fastapi,docs_src\request_form_models\tutorial001_py310.py,Python,.py,9,242
fastapi,docs_src\request_form_models\tutorial002_an_py310.py,Python,.py,11,324
fastapi,docs_src\request_form_models\tutorial002_py310.py,Python,.py,10,282
fastapi,docs_src\request_form_models\__init__.py,Python,.py,0,0
fastapi,docs_src\response_change_status_code\tutorial001_py310.py,Python,.py,9,404
fastapi,docs_src\response_change_status_code\__init__.py,Python,.py,0,0
fastapi,docs_src\response_cookies\tutorial001_py310.py,Python,.py,9,356
fastapi,docs_src\response_cookies\tutorial002_py310.py,Python,.py,6,281
fastapi,docs_src\response_cookies\__init__.py,Python,.py,0,0
fastapi,docs_src\response_directly\tutorial001_py310.py,Python,.py,14,495
fastapi,docs_src\response_directly\tutorial002_py310.py,Python,.py,15,372
fastapi,docs_src\response_directly\__init__.py,Python,.py,0,0
fastapi,docs_src\response_headers\tutorial001_py310.py,Python,.py,8,320
fastapi,docs_src\response_headers\tutorial002_py310.py,Python,.py,6,231
fastapi,docs_src\response_headers\__init__.py,Python,.py,0,0
fastapi,docs_src\response_model\tutorial001_01_py310.py,Python,.py,18,494
fastapi,docs_src\response_model\tutorial001_py310.py,Python,.py,19,564
fastapi,docs_src\response_model\tutorial002_py310.py,Python,.py,12,335
fastapi,docs_src\response_model\tutorial003_01_py310.py,Python,.py,12,336
fastapi,docs_src\response_model\tutorial003_02_py310.py,Python,.py,8,392
fastapi,docs_src\response_model\tutorial003_03_py310.py,Python,.py,6,250
fastapi,docs_src\response_model\tutorial003_04_py310.py,Python,.py,8,363
fastapi,docs_src\response_model\tutorial003_05_py310.py,Python,.py,8,384
fastapi,docs_src\response_model\tutorial003_py310.py,Python,.py,16,455
fastapi,docs_src\response_model\tutorial004_py310.py,Python,.py,17,619
fastapi,docs_src\response_model\tutorial005_py310.py,Python,.py,28,853
fastapi,docs_src\response_model\tutorial006_py310.py,Python,.py,28,853
fastapi,docs_src\response_model\__init__.py,Python,.py,0,0
fastapi,docs_src\response_status_code\tutorial001_py310.py,Python,.py,5,153
fastapi,docs_src\response_status_code\tutorial002_py310.py,Python,.py,5,181
fastapi,docs_src\response_status_code\__init__.py,Python,.py,0,0
fastapi,docs_src\schema_extra_example\tutorial001_py310.py,Python,.py,24,676
fastapi,docs_src\schema_extra_example\tutorial002_py310.py,Python,.py,12,496
fastapi,docs_src\schema_extra_example\tutorial003_an_py310.py,Python,.py,28,707
fastapi,docs_src\schema_extra_example\tutorial003_py310.py,Python,.py,24,603
fastapi,docs_src\schema_extra_example\tutorial004_an_py310.py,Python,.py,37,960
fastapi,docs_src\schema_extra_example\tutorial004_py310.py,Python,.py,33,824
fastapi,docs_src\schema_extra_example\tutorial005_an_py310.py,Python,.py,48,1577
fastapi,docs_src\schema_extra_example\tutorial005_py310.py,Python,.py,44,1397
fastapi,docs_src\schema_extra_example\__init__.py,Python,.py,0,0
fastapi,docs_src\security\tutorial001_an_py310.py,Python,.py,8,322
fastapi,docs_src\security\tutorial001_py310.py,Python,.py,7,280
fastapi,docs_src\security\tutorial002_an_py310.py,Python,.py,21,793
fastapi,docs_src\security\tutorial002_py310.py,Python,.py,20,741
fastapi,docs_src\security\tutorial003_an_py310.py,Python,.py,70,2611
fastapi,docs_src\security\tutorial003_py310.py,Python,.py,65,2521
fastapi,docs_src\security\tutorial004_an_py310.py,Python,.py,113,4450
fastapi,docs_src\security\tutorial004_py310.py,Python,.py,106,4343
fastapi,docs_src\security\tutorial005_an_py310.py,Python,.py,143,5691
fastapi,docs_src\security\tutorial005_py310.py,Python,.py,140,5597
fastapi,docs_src\security\tutorial006_an_py310.py,Python,.py,8,374
fastapi,docs_src\security\tutorial006_py310.py,Python,.py,7,332
fastapi,docs_src\security\tutorial007_an_py310.py,Python,.py,29,1208
fastapi,docs_src\security\tutorial007_py310.py,Python,.py,26,1149
fastapi,docs_src\security\__init__.py,Python,.py,0,0
fastapi,docs_src\separate_openapi_schemas\tutorial001_py310.py,Python,.py,18,477
fastapi,docs_src\separate_openapi_schemas\tutorial002_py310.py,Python,.py,18,512
fastapi,docs_src\separate_openapi_schemas\__init__.py,Python,.py,0,0
fastapi,docs_src\server_sent_events\tutorial001_py310.py,Python,.py,29,1155
fastapi,docs_src\server_sent_events\tutorial002_py310.py,Python,.py,18,712
fastapi,docs_src\server_sent_events\tutorial003_py310.py,Python,.py,13,535
fastapi,docs_src\server_sent_events\tutorial004_py310.py,Python,.py,23,826
fastapi,docs_src\server_sent_events\tutorial005_py310.py,Python,.py,13,547
fastapi,docs_src\server_sent_events\__init__.py,Python,.py,0,0
fastapi,docs_src\settings\tutorial001_py310.py,Python,.py,15,440
fastapi,docs_src\settings\__init__.py,Python,.py,0,0
fastapi,docs_src\settings\app01_py310\config.py,Python,.py,6,193
fastapi,docs_src\settings\app01_py310\main.py,Python,.py,10,281
fastapi,docs_src\settings\app01_py310\__init__.py,Python,.py,0,0
fastapi,docs_src\settings\app02_an_py310\config.py,Python,.py,5,166
fastapi,docs_src\settings\app02_an_py310\main.py,Python,.py,15,467
fastapi,docs_src\settings\app02_an_py310\test_main.py,Python,.py,15,538
fastapi,docs_src\settings\app02_an_py310\__init__.py,Python,.py,0,0
fastapi,docs_src\settings\app02_py310\config.py,Python,.py,5,166
fastapi,docs_src\settings\app02_py310\main.py,Python,.py,14,427
fastapi,docs_src\settings\app02_py310\test_main.py,Python,.py,15,538
fastapi,docs_src\settings\app02_py310\__init__.py,Python,.py,0,0
fastapi,docs_src\settings\app03_an_py310\config.py,Python,.py,6,244
fastapi,docs_src\settings\app03_an_py310\main.py,Python,.py,15,473
fastapi,docs_src\settings\app03_an_py310\__init__.py,Python,.py,0,0
fastapi,docs_src\settings\app03_py310\config.py,Python,.py,6,244
fastapi,docs_src\settings\app03_py310\main.py,Python,.py,14,433
fastapi,docs_src\settings\app03_py310\__init__.py,Python,.py,0,0
fastapi,docs_src\sql_databases\tutorial001_an_py310.py,Python,.py,50,1841
fastapi,docs_src\sql_databases\tutorial001_py310.py,Python,.py,48,1829
fastapi,docs_src\sql_databases\tutorial002_an_py310.py,Python,.py,71,2670
fastapi,docs_src\sql_databases\tutorial002_py310.py,Python,.py,71,2688
fastapi,docs_src\sql_databases\__init__.py,Python,.py,0,0
fastapi,docs_src\static_files\tutorial001_py310.py,Python,.py,4,165
fastapi,docs_src\static_files\__init__.py,Python,.py,0,0
fastapi,docs_src\stream_data\tutorial001_py310.py,Python,.py,45,2308
fastapi,docs_src\stream_data\tutorial002_py310.py,Python,.py,36,5771
fastapi,docs_src\stream_data\__init__.py,Python,.py,0,0
fastapi,docs_src\stream_json_lines\tutorial001_py310.py,Python,.py,28,978
fastapi,docs_src\stream_json_lines\__init__.py,Python,.py,0,0
fastapi,docs_src\strict_content_type\tutorial001_py310.py,Python,.py,9,245
fastapi,docs_src\strict_content_type\__init__.py,Python,.py,0,0
fastapi,docs_src\sub_applications\tutorial001_py310.py,Python,.py,10,293
fastapi,docs_src\sub_applications\__init__.py,Python,.py,0,0
fastapi,docs_src\templates\tutorial001_py310.py,Python,.py,12,539
fastapi,docs_src\templates\__init__.py,Python,.py,0,0
fastapi,docs_src\templates\static\styles.css,CSS,.css,3,28
fastapi,docs_src\templates\static\__init__.py,Python,.py,0,0
fastapi,docs_src\templates\templates\item.html,HTML,.html,9,244
fastapi,docs_src\templates\templates\__init__.py,Python,.py,0,0
fastapi,docs_src\using_request_directly\tutorial001_py310.py,Python,.py,6,239
fastapi,docs_src\using_request_directly\__init__.py,Python,.py,0,0
fastapi,docs_src\websockets_\tutorial001_py310.py,Python,.py,45,1483
fastapi,docs_src\websockets_\tutorial002_an_py310.py,Python,.py,83,2947
fastapi,docs_src\websockets_\tutorial002_py310.py,Python,.py,81,2887
fastapi,docs_src\websockets_\tutorial003_py310.py,Python,.py,67,2630
fastapi,docs_src\websockets_\__init__.py,Python,.py,0,0
fastapi,docs_src\wsgi\tutorial001_py310.py,Python,.py,14,449
fastapi,docs_src\wsgi\__init__.py,Python,.py,0,0
fastapi,fastapi\applications.py,Python,.py,4112,188614
fastapi,fastapi\background.py,Python,.py,46,1881
fastapi,fastapi\cli.py,Python,.py,10,467
fastapi,fastapi\concurrency.py,Python,.py,37,1530
fastapi,fastapi\datastructures.py,Python,.py,144,5507
fastapi,fastapi\encoders.py,Python,.py,338,12079
fastapi,fastapi\exceptions.py,Python,.py,203,7709
fastapi,fastapi\exception_handlers.py,Python,.py,28,1309
fastapi,fastapi\logger.py,Python,.py,2,57
fastapi,fastapi\params.py,Python,.py,718,26959
fastapi,fastapi\param_functions.py,Python,.py,2323,72056
fastapi,fastapi\requests.py,Python,.py,2,144
fastapi,fastapi\responses.py,Python,.py,76,4242
fastapi,fastapi\routing.py,Python,.py,5730,262079
fastapi,fastapi\sse.py,Python,.py,197,7324
fastapi,fastapi\staticfiles.py,Python,.py,1,70
fastapi,fastapi\templating.py,Python,.py,1,77
fastapi,fastapi\testclient.py,Python,.py,1,67
fastapi,fastapi\types.py,Python,.py,10,450
fastapi,fastapi\utils.py,Python,.py,115,4477
fastapi,fastapi\websockets.py,Python,.py,3,225
fastapi,fastapi\__init__.py,Python,.py,22,1106
fastapi,fastapi\__main__.py,Python,.py,2,40
fastapi,fastapi\dependencies\models.py,Python,.py,195,8326
fastapi,fastapi\dependencies\utils.py,Python,.py,961,40233
fastapi,fastapi\dependencies\__init__.py,Python,.py,0,0
fastapi,fastapi\middleware\asyncexitstack.py,Python,.py,14,655
fastapi,fastapi\middleware\cors.py,Python,.py,1,80
fastapi,fastapi\middleware\gzip.py,Python,.py,1,80
fastapi,fastapi\middleware\httpsredirect.py,Python,.py,3,118
fastapi,fastapi\middleware\trustedhost.py,Python,.py,3,112
fastapi,fastapi\middleware\wsgi.py,Python,.py,3,110
fastapi,fastapi\middleware\__init__.py,Python,.py,1,59
fastapi,fastapi\openapi\constants.py,Python,.py,3,156
fastapi,fastapi\openapi\docs.py,Python,.py,342,12814
fastapi,fastapi\openapi\models.py,Python,.py,338,15043
fastapi,fastapi\openapi\utils.py,Python,.py,649,30026
fastapi,fastapi\openapi\__init__.py,Python,.py,0,0
fastapi,fastapi\security\api_key.py,Python,.py,254,10076
fastapi,fastapi\security\base.py,Python,.py,4,147
fastapi,fastapi\security\http.py,Python,.py,335,13827
fastapi,fastapi\security\oauth2.py,Python,.py,605,24871
fastapi,fastapi\security\open_id_connect_url.py,Python,.py,82,3230
fastapi,fastapi\security\utils.py,Python,.py,7,268
fastapi,fastapi\security\__init__.py,Python,.py,15,896
fastapi,fastapi\_compat\shared.py,Python,.py,179,7545
fastapi,fastapi\_compat\v2.py,Python,.py,430,18094
fastapi,fastapi\_compat\__init__.py,Python,.py,40,2135
fastapi,scripts\add_latest_release_date.py,Python,.py,28,1063
fastapi,scripts\deploy_docs_status.py,Python,.py,131,4701
fastapi,scripts\docs.py,Python,.py,795,33323
fastapi,scripts\doc_parsing_utils.py,Python,.py,595,24854
fastapi,scripts\format.sh,Shell,.sh,4,124
fastapi,scripts\label_approved.py,Python,.py,51,2305
fastapi,scripts\lint.sh,Shell,.sh,7,143
fastapi,scripts\notify_translations.py,Python,.py,351,13394
fastapi,scripts\prepare_release.py,Python,.py,184,6883
fastapi,scripts\sponsors.py,Python,.py,181,6467
fastapi,scripts\test-cov-html.sh,Shell,.sh,4,116
fastapi,scripts\test-cov.sh,Shell,.sh,4,93
fastapi,scripts\test.sh,Shell,.sh,5,131
fastapi,scripts\topic_repos.py,Python,.py,70,2885
fastapi,scripts\translate.py,Python,.py,429,17425
fastapi,scripts\translation_fixer.py,Python,.py,103,3444
fastapi,scripts\translation_git.py,Python,.py,43,1361
fastapi,scripts\playwright\cookie_param_models\image01.py,Python,.py,33,1232
fastapi,scripts\playwright\header_param_models\image01.py,Python,.py,32,1213
fastapi,scripts\playwright\json_base64_bytes\image01.py,Python,.py,31,1154
fastapi,scripts\playwright\query_param_models\image01.py,Python,.py,35,1363
fastapi,scripts\playwright\request_form_models\image01.py,Python,.py,32,1209
fastapi,scripts\playwright\separate_openapi_schemas\image01.py,Python,.py,26,1006
fastapi,scripts\playwright\separate_openapi_schemas\image02.py,Python,.py,27,1061
fastapi,scripts\playwright\separate_openapi_schemas\image03.py,Python,.py,27,1080
fastapi,scripts\playwright\separate_openapi_schemas\image04.py,Python,.py,27,1068
fastapi,scripts\playwright\separate_openapi_schemas\image05.py,Python,.py,26,1016
fastapi,scripts\playwright\sql_databases\image01.py,Python,.py,31,1120
fastapi,scripts\playwright\sql_databases\image02.py,Python,.py,31,1120
fastapi,scripts\tests\test_translation_fixer\conftest.py,Python,.py,47,1699
fastapi,scripts\tests\test_translation_fixer\test_code_blocks\test_code_blocks_lines_number_mismatch.py,Python,.py,47,1974
fastapi,scripts\tests\test_translation_fixer\test_code_blocks\test_code_blocks_mermaid.py,Python,.py,48,1866
fastapi,scripts\tests\test_translation_fixer\test_code_blocks\test_code_blocks_number_mismatch.py,Python,.py,49,1962
fastapi,scripts\tests\test_translation_fixer\test_code_blocks\test_code_blocks_wrong_lang_code.py,Python,.py,47,2008
fastapi,scripts\tests\test_translation_fixer\test_code_includes\test_number_mismatch.py,Python,.py,49,1994
fastapi,scripts\tests\test_translation_fixer\test_complex_doc\test_compex_doc.py,Python,.py,23,932
fastapi,scripts\tests\test_translation_fixer\test_header_permalinks\test_header_level_mismatch.py,Python,.py,49,2059
fastapi,scripts\tests\test_translation_fixer\test_header_permalinks\test_header_number_mismatch.py,Python,.py,49,1960
fastapi,scripts\tests\test_translation_fixer\test_html_links\test_html_links_number_mismatch.py,Python,.py,47,1951
fastapi,scripts\tests\test_translation_fixer\test_markdown_links\test_mkd_links_number_mismatch.py,Python,.py,49,1971
fastapi,tests\forward_reference_type.py,Python,.py,5,205
fastapi,tests\main.py,Python,.py,127,4766
fastapi,tests\test_additional_properties.py,Python,.py,103,4352
fastapi,tests\test_additional_properties_bool.py,Python,.py,109,4476
fastapi,tests\test_additional_responses_bad.py,Python,.py,32,1157
fastapi,tests\test_additional_responses_custom_model_in_callback.py,Python,.py,134,6175
fastapi,tests\test_additional_responses_custom_validationerror.py,Python,.py,87,3353
fastapi,tests\test_additional_responses_default_validationerror.py,Python,.py,84,3500
fastapi,tests\test_additional_responses_response_class.py,Python,.py,102,4004
fastapi,tests\test_additional_responses_router.py,Python,.py,156,5886
fastapi,tests\test_additional_responses_union_duplicate_anyof.py,Python,.py,109,4529
fastapi,tests\test_additional_response_extra.py,Python,.py,39,1388
fastapi,tests\test_allow_inf_nan_in_enforcing.py,Python,.py,70,1907
fastapi,tests\test_ambiguous_params.py,Python,.py,57,2146
fastapi,tests\test_annotated.py,Python,.py,267,11023
fastapi,tests\test_application.py,Python,.py,1271,59581
fastapi,tests\test_arbitrary_types.py,Python,.py,116,4021
fastapi,tests\test_callable_endpoint.py,Python,.py,13,450
fastapi,tests\test_compat.py,Python,.py,107,4721
fastapi,tests\test_computed_fields.py,Python,.py,96,3960
fastapi,tests\test_custom_middleware_exception.py,Python,.py,72,3044
fastapi,tests\test_custom_route_class.py,Python,.py,91,3283
fastapi,tests\test_custom_schema_fields.py,Python,.py,46,1387
fastapi,tests\test_custom_swagger_ui_redirect.py,Python,.py,26,1129
fastapi,tests\test_datastructures.py,Python,.py,49,1992
fastapi,tests\test_datetime_custom_encoder.py,Python,.py,20,845
fastapi,tests\test_default_response_class.py,Python,.py,151,5709
fastapi,tests\test_default_response_class_router.py,Python,.py,141,5323
fastapi,tests\test_dependencies_utils.py,Python,.py,6,249
fastapi,tests\test_dependency_after_yield_raise.py,Python,.py,45,1842
fastapi,tests\test_dependency_after_yield_streaming.py,Python,.py,88,3442
fastapi,tests\test_dependency_after_yield_websockets.py,Python,.py,56,2084
fastapi,tests\test_dependency_cache.py,Python,.py,67,2878
fastapi,tests\test_dependency_class.py,Python,.py,109,4620
fastapi,tests\test_dependency_contextmanager.py,Python,.py,288,12162
fastapi,tests\test_dependency_contextvars.py,Python,.py,37,1620
fastapi,tests\test_dependency_duplicates.py,Python,.py,211,9230
fastapi,tests\test_dependency_models.py,Python,.py,145,6363
fastapi,tests\test_dependency_overrides.py,Python,.py,310,11846
fastapi,tests\test_dependency_paramless.py,Python,.py,56,2447
fastapi,tests\test_dependency_partial.py,Python,.py,198,6744
fastapi,tests\test_dependency_pep695.py,Python,.py,18,655
fastapi,tests\test_dependency_security_overrides.py,Python,.py,44,1494
fastapi,tests\test_dependency_wrapped.py,Python,.py,303,11936
fastapi,tests\test_dependency_yield_except_httpexception.py,Python,.py,53,2033
fastapi,tests\test_dependency_yield_scope.py,Python,.py,171,7082
fastapi,tests\test_dependency_yield_scope_websockets.py,Python,.py,149,6377
fastapi,tests\test_depends_hashable.py,Python,.py,18,621
fastapi,tests\test_deprecated_openapi_prefix.py,Python,.py,36,1371
fastapi,tests\test_deprecated_responses.py,Python,.py,55,2367
fastapi,tests\test_dump_json_fast_path.py,Python,.py,36,1527
fastapi,tests\test_duplicate_models_openapi.py,Python,.py,69,2554
fastapi,tests\test_empty_router.py,Python,.py,23,841
fastapi,tests\test_enforce_once_required_parameter.py,Python,.py,100,4269
fastapi,tests\test_exception_handlers.py,Python,.py,57,2592
fastapi,tests\test_extra_routes.py,Python,.py,333,15441
fastapi,tests\test_fastapi_cli.py,Python,.py,29,900
fastapi,tests\test_file_and_form_order_issue_9116.py,Python,.py,68,2393
fastapi,tests\test_filter_pydantic_sub_model_pv2.py,Python,.py,166,7031
fastapi,tests\test_forms_from_non_typing_sequences.py,Python,.py,31,1248
fastapi,tests\test_forms_single_model.py,Python,.py,116,3593
fastapi,tests\test_forms_single_param.py,Python,.py,99,4301
fastapi,tests\test_form_default.py,Python,.py,22,863
fastapi,tests\test_frontend.py,Python,.py,1051,43866
fastapi,tests\test_generate_unique_id_function.py,Python,.py,1644,78459
fastapi,tests\test_generic_parameterless_depends.py,Python,.py,60,2102
fastapi,tests\test_get_model_definitions_formfeed_escape.py,Python,.py,148,6263
fastapi,tests\test_get_request_body.py,Python,.py,103,4425
fastapi,tests\test_http_connection_injection.py,Python,.py,26,1011
fastapi,tests\test_include_route.py,Python,.py,14,518
fastapi,tests\test_include_router_defaults_overrides.py,Python,.py,7207,402167
fastapi,tests\test_infer_param_optionality.py,Python,.py,303,13852
fastapi,tests\test_inherited_custom_class.py,Python,.py,49,1864
fastapi,tests\test_invalid_path_param.py,Python,.py,51,1741
fastapi,tests\test_invalid_sequence_param.py,Python,.py,47,1608
fastapi,tests\test_jsonable_encoder.py,Python,.py,246,10929
fastapi,tests\test_json_type.py,Python,.py,43,1757
fastapi,tests\test_list_bytes_file_order_preserved_issue_14811.py,Python,.py,35,1457
fastapi,tests\test_local_docs.py,Python,.py,56,2615
fastapi,tests\test_multipart_installation.py,Python,.py,115,5958
fastapi,tests\test_multi_body_errors.py,Python,.py,175,7066
fastapi,tests\test_multi_query_errors.py,Python,.py,111,4626
fastapi,tests\test_nested_annotated_in_sequence.py,Python,.py,128,5318
fastapi,tests\test_no_schema_split.py,Python,.py,157,6829
fastapi,tests\test_no_swagger_ui_redirect.py,Python,.py,20,817
fastapi,tests\test_openapi_cache_root_path.py,Python,.py,56,2423
fastapi,tests\test_openapi_examples.py,Python,.py,399,17171
fastapi,tests\test_openapi_model_description_trim_on_formfeed.py,Python,.py,21,691
fastapi,tests\test_openapi_query_parameter_extension.py,Python,.py,122,5032
fastapi,tests\test_openapi_route_extensions.py,Python,.py,36,1318
fastapi,tests\test_openapi_schema_type.py,Python,.py,20,746
fastapi,tests\test_openapi_separate_input_output_schemas.py,Python,.py,648,29170
fastapi,tests\test_openapi_servers.py,Python,.py,51,1819
fastapi,tests\test_operations_signatures.py,Python,.py,18,956
fastapi,tests\test_optional_file_list.py,Python,.py,21,817
fastapi,tests\test_orjson_response_class.py,Python,.py,22,976
fastapi,tests\test_params_repr.py,Python,.py,58,2435
fastapi,tests\test_param_class.py,Python,.py,16,629
fastapi,tests\test_param_include_in_schema.py,Python,.py,227,9094
fastapi,tests\test_param_in_path_and_dependency.py,Python,.py,88,3747
fastapi,tests\test_path.py,Python,.py,628,21783
fastapi,tests\test_prepare_release.py,Python,.py,218,7707
fastapi,tests\test_put_no_body.py,Python,.py,92,3992
fastapi,tests\test_pydanticv2_dataclasses_uuid_stringified_annotations.py,Python,.py,39,1182
fastapi,tests\test_pydantic_v1_error.py,Python,.py,61,2443
fastapi,tests\test_query.py,Python,.py,217,7825
fastapi,tests\test_query_cookie_header_model_extra_params.py,Python,.py,106,3422
fastapi,tests\test_read_with_orm_mode.py,Python,.py,31,1258
fastapi,tests\test_regex_deprecated_body.py,Python,.py,140,5644
fastapi,tests\test_regex_deprecated_params.py,Python,.py,132,5355
fastapi,tests\test_repeated_cookie_headers.py,Python,.py,21,826
fastapi,tests\test_repeated_dependency_schema.py,Python,.py,96,4184
fastapi,tests\test_repeated_parameter_alias.py,Python,.py,97,4368
fastapi,tests\test_request_body_parameters_media_type.py,Python,.py,170,7528
fastapi,tests\test_request_param_model_by_alias.py,Python,.py,51,2254
fastapi,tests\test_required_noneable.py,Python,.py,37,1546
fastapi,tests\test_response_by_alias.py,Python,.py,284,12275
fastapi,tests\test_response_change_status_code.py,Python,.py,15,615
fastapi,tests\test_response_class_no_mediatype.py,Python,.py,99,3844
fastapi,tests\test_response_code_no_body.py,Python,.py,98,3717
fastapi,tests\test_response_dependency.py,Python,.py,126,5479
fastapi,tests\test_response_model_as_return_annotation.py,Python,.py,959,53090
fastapi,tests\test_response_model_data_filter.py,Python,.py,54,1780
fastapi,tests\test_response_model_data_filter_no_inheritance.py,Python,.py,56,1802
fastapi,tests\test_response_model_default_factory.py,Python,.py,30,1311
fastapi,tests\test_response_model_include_exclude.py,Python,.py,137,4293
fastapi,tests\test_response_model_invalid.py,Python,.py,29,1142
fastapi,tests\test_response_model_sub_types.py,Python,.py,143,6094
fastapi,tests\test_response_set_response_code_empty.py,Python,.py,94,3827
fastapi,tests\test_return_none_stringified_annotations.py,Python,.py,12,448
fastapi,tests\test_router_circular_import.py,Python,.py,9,329
fastapi,tests\test_router_events.py,Python,.py,297,12665
fastapi,tests\test_router_include_context.py,Python,.py,794,33235
fastapi,tests\test_router_prefix_with_template.py,Python,.py,13,507
fastapi,tests\test_router_redirect_slashes.py,Python,.py,26,1014
fastapi,tests\test_route_scope.py,Python,.py,33,1580
fastapi,tests\test_schema_compat_pydantic_v2.py,Python,.py,108,4401
fastapi,tests\test_schema_extra_examples.py,Python,.py,818,36389
fastapi,tests\test_schema_ref_pydantic_v2.py,Python,.py,58,2232
fastapi,tests\test_security_api_key_cookie.py,Python,.py,56,2227
fastapi,tests\test_security_api_key_cookie_description.py,Python,.py,61,2420
fastapi,tests\test_security_api_key_cookie_optional.py,Python,.py,60,2341
fastapi,tests\test_security_api_key_header.py,Python,.py,54,2167
fastapi,tests\test_security_api_key_header_description.py,Python,.py,59,2360
fastapi,tests\test_security_api_key_header_optional.py,Python,.py,57,2273
fastapi,tests\test_security_api_key_query.py,Python,.py,54,2146
fastapi,tests\test_security_api_key_query_description.py,Python,.py,59,2331
fastapi,tests\test_security_api_key_query_optional.py,Python,.py,57,2252
fastapi,tests\test_security_http_base.py,Python,.py,50,2318
fastapi,tests\test_security_http_base_description.py,Python,.py,52,2265
fastapi,tests\test_security_http_base_optional.py,Python,.py,49,2106
fastapi,tests\test_security_http_basic_optional.py,Python,.py,62,2830
fastapi,tests\test_security_http_basic_realm.py,Python,.py,61,2843
fastapi,tests\test_security_http_basic_realm_description.py,Python,.py,67,3049
fastapi,tests\test_security_http_bearer.py,Python,.py,51,2378
fastapi,tests\test_security_http_bearer_description.py,Python,.py,57,2598
fastapi,tests\test_security_http_bearer_optional.py,Python,.py,53,2374
fastapi,tests\test_security_http_digest.py,Python,.py,53,2405
fastapi,tests\test_security_http_digest_description.py,Python,.py,59,2611
fastapi,tests\test_security_http_digest_optional.py,Python,.py,55,2401
fastapi,tests\test_security_oauth2.py,Python,.py,252,10322
fastapi,tests\test_security_oauth2_authorization_code_bearer.py,Python,.py,66,2806
fastapi,tests\test_security_oauth2_authorization_code_bearer_description.py,Python,.py,66,2683
fastapi,tests\test_security_oauth2_authorization_code_bearer_scopes_openapi.py,Python,.py,163,6956
fastapi,tests\test_security_oauth2_authorization_code_bearer_scopes_openapi_simple.py,Python,.py,65,2738
fastapi,tests\test_security_oauth2_optional.py,Python,.py,253,10269
fastapi,tests\test_security_oauth2_optional_description.py,Python,.py,255,10415
fastapi,tests\test_security_oauth2_password_bearer_optional.py,Python,.py,56,2350
fastapi,tests\test_security_oauth2_password_bearer_optional_description.py,Python,.py,61,2501
fastapi,tests\test_security_openid_connect.py,Python,.py,61,2594
fastapi,tests\test_security_openid_connect_description.py,Python,.py,64,2720
fastapi,tests\test_security_openid_connect_optional.py,Python,.py,64,2700
fastapi,tests\test_security_scopes.py,Python,.py,31,1051
fastapi,tests\test_security_scopes_dont_propagate.py,Python,.py,28,1017
fastapi,tests\test_security_scopes_sub_dependency.py,Python,.py,89,3063
fastapi,tests\test_serialize_response.py,Python,.py,38,1428
fastapi,tests\test_serialize_response_dataclass.py,Python,.py,159,5151
fastapi,tests\test_serialize_response_model.py,Python,.py,115,4381
fastapi,tests\test_skip_defaults.py,Python,.py,81,3161
fastapi,tests\test_sse.py,Python,.py,361,16023
fastapi,tests\test_starlette_exception.py,Python,.py,183,8502
fastapi,tests\test_starlette_urlconvertors.py,Python,.py,42,1741
fastapi,tests\test_stream_bare_type.py,Python,.py,50,2202
fastapi,tests\test_stream_cancellation.py,Python,.py,67,2840
fastapi,tests\test_stream_json_validation_error.py,Python,.py,25,1031
fastapi,tests\test_stream_status_code.py,Python,.py,420,20222
fastapi,tests\test_strict_content_type_app_level.py,Python,.py,27,1197
fastapi,tests\test_strict_content_type_nested.py,Python,.py,56,2867
fastapi,tests\test_strict_content_type_router_level.py,Python,.py,38,1781
fastapi,tests\test_stringified_annotations_simple.py,Python,.py,17,572
fastapi,tests\test_stringified_annotation_dependency.py,Python,.py,61,2349
fastapi,tests\test_stringified_annotation_dependency_py314.py,Python,.py,20,741
fastapi,tests\test_sub_callbacks.py,Python,.py,275,14904
fastapi,tests\test_swagger_ui_escape.py,Python,.py,30,1204
fastapi,tests\test_swagger_ui_init_oauth.py,Python,.py,18,746
fastapi,tests\test_top_level_security_scheme_in_openapi.py,Python,.py,48,1962
fastapi,tests\test_translate.py,Python,.py,54,2158
fastapi,tests\test_tuples.py,Python,.py,246,11306
fastapi,tests\test_typing_python39.py,Python,.py,19,733
fastapi,tests\test_union_body.py,Python,.py,119,5156
fastapi,tests\test_union_body_discriminator.py,Python,.py,193,9168
fastapi,tests\test_union_body_discriminator_annotated.py,Python,.py,185,8246
fastapi,tests\test_union_forms.py,Python,.py,143,6156
fastapi,tests\test_union_inherited_body.py,Python,.py,127,5569
fastapi,tests\test_validate_response.py,Python,.py,55,2059
fastapi,tests\test_validate_response_dataclass.py,Python,.py,34,1218
fastapi,tests\test_validation_error_context.py,Python,.py,123,4977
fastapi,tests\test_webhooks_security.py,Python,.py,124,5528
fastapi,tests\test_wrapped_method_forward_reference.py,Python,.py,24,1028
fastapi,tests\test_ws_dependencies.py,Python,.py,48,2236
fastapi,tests\test_ws_router.py,Python,.py,199,7922
fastapi,tests\utils.py,Python,.py,22,745
fastapi,tests\__init__.py,Python,.py,0,0
fastapi,tests\benchmarks\test_general_performance.py,Python,.py,288,11792
fastapi,tests\benchmarks\test_openapi.py,Python,.py,28,886
fastapi,tests\benchmarks\utils.py,Python,.py,35,1498
fastapi,tests\benchmarks\__init__.py,Python,.py,0,0
fastapi,tests\memory_benchmarks\test_dependency_graph.py,Python,.py,67,2475
fastapi,tests\memory_benchmarks\test_openapi.py,Python,.py,28,886
fastapi,tests\memory_benchmarks\test_route_dependency_graph.py,Python,.py,47,1802
fastapi,tests\memory_benchmarks\__init__.py,Python,.py,0,0
fastapi,tests\test_modules_same_name_body\test_main.py,Python,.py,148,6522
fastapi,tests\test_modules_same_name_body\__init__.py,Python,.py,0,0
fastapi,tests\test_modules_same_name_body\app\a.py,Python,.py,5,168
fastapi,tests\test_modules_same_name_body\app\b.py,Python,.py,5,169
fastapi,tests\test_modules_same_name_body\app\main.py,Python,.py,5,158
fastapi,tests\test_modules_same_name_body\app\__init__.py,Python,.py,0,0
fastapi,tests\test_request_params\__init__.py,Python,.py,0,0
fastapi,tests\test_request_params\test_body\test_list.py,Python,.py,361,12591
fastapi,tests\test_request_params\test_body\test_optional_list.py,Python,.py,368,13387
fastapi,tests\test_request_params\test_body\test_optional_str.py,Python,.py,343,12215
fastapi,tests\test_request_params\test_body\test_required_str.py,Python,.py,344,11623
fastapi,tests\test_request_params\test_body\utils.py,Python,.py,5,275
fastapi,tests\test_request_params\test_body\__init__.py,Python,.py,0,0
fastapi,tests\test_request_params\test_cookie\test_list.py,Python,.py,3,237
fastapi,tests\test_request_params\test_cookie\test_optional_list.py,Python,.py,3,237
fastapi,tests\test_request_params\test_cookie\test_optional_str.py,Python,.py,271,9146
fastapi,tests\test_request_params\test_cookie\test_required_str.py,Python,.py,352,11064
fastapi,tests\test_request_params\test_cookie\__init__.py,Python,.py,0,0
fastapi,tests\test_request_params\test_file\test_list.py,Python,.py,388,12285
fastapi,tests\test_request_params\test_file\test_optional.py,Python,.py,301,10380
fastapi,tests\test_request_params\test_file\test_optional_list.py,Python,.py,321,11451
fastapi,tests\test_request_params\test_file\test_required.py,Python,.py,372,11784
fastapi,tests\test_request_params\test_file\utils.py,Python,.py,5,278
fastapi,tests\test_request_params\test_file\__init__.py,Python,.py,0,0
fastapi,tests\test_request_params\test_form\test_list.py,Python,.py,364,12409
fastapi,tests\test_request_params\test_form\test_optional_list.py,Python,.py,288,10461
fastapi,tests\test_request_params\test_form\test_optional_str.py,Python,.py,267,9424
fastapi,tests\test_request_params\test_form\test_required_str.py,Python,.py,340,11319
fastapi,tests\test_request_params\test_form\utils.py,Python,.py,5,292
fastapi,tests\test_request_params\test_form\__init__.py,Python,.py,0,0
fastapi,tests\test_request_params\test_header\test_list.py,Python,.py,360,12041
fastapi,tests\test_request_params\test_header\test_optional_list.py,Python,.py,287,10194
fastapi,tests\test_request_params\test_header\test_optional_str.py,Python,.py,263,9034
fastapi,tests\test_request_params\test_header\test_required_str.py,Python,.py,341,10939
fastapi,tests\test_request_params\test_header\__init__.py,Python,.py,0,0
fastapi,tests\test_request_params\test_path\test_list.py,Python,.py,1,64
fastapi,tests\test_request_params\test_path\test_optional_list.py,Python,.py,1,46
fastapi,tests\test_request_params\test_path\test_optional_str.py,Python,.py,1,46
fastapi,tests\test_request_params\test_path\test_required_str.py,Python,.py,74,2580
fastapi,tests\test_request_params\test_path\__init__.py,Python,.py,0,0
fastapi,tests\test_request_params\test_query\test_list.py,Python,.py,361,11897
fastapi,tests\test_request_params\test_query\test_optional_list.py,Python,.py,283,9973
fastapi,tests\test_request_params\test_query\test_optional_str.py,Python,.py,263,8905
fastapi,tests\test_request_params\test_query\test_required_str.py,Python,.py,344,10815
fastapi,tests\test_request_params\test_query\__init__.py,Python,.py,0,0
fastapi,tests\test_tutorial\__init__.py,Python,.py,0,0
fastapi,tests\test_tutorial\test_additional_responses\test_tutorial001.py,Python,.py,119,5340
fastapi,tests\test_tutorial\test_additional_responses\test_tutorial002.py,Python,.py,129,5571
fastapi,tests\test_tutorial\test_additional_responses\test_tutorial003.py,Python,.py,123,5584
fastapi,tests\test_tutorial\test_additional_responses\test_tutorial004.py,Python,.py,132,5781
fastapi,tests\test_tutorial\test_additional_responses\__init__.py,Python,.py,0,0
fastapi,tests\test_tutorial\test_additional_status_codes\test_tutorial001.py,Python,.py,23,966
fastapi,tests\test_tutorial\test_additional_status_codes\__init__.py,Python,.py,0,0
fastapi,tests\test_tutorial\test_advanced_middleware\test_tutorial001.py,Python,.py,10,494
fastapi,tests\test_tutorial\test_advanced_middleware\test_tutorial002.py,Python,.py,12,591
fastapi,tests\test_tutorial\test_advanced_middleware\test_tutorial003.py,Python,.py,15,693
fastapi,tests\test_tutorial\test_advanced_middleware\__init__.py,Python,.py,0,0
fastapi,tests\test_tutorial\test_async_tests\test_main_a.py,Python,.py,5,163
fastapi,tests\test_tutorial\test_async_tests\__init__.py,Python,.py,0,0
fastapi,tests\test_tutorial\test_authentication_error_status_code\test_tutorial001.py,Python,.py,56,1997
fastapi,tests\test_tutorial\test_authentication_error_status_code\__init__.py,Python,.py,0,0
fastapi,tests\test_tutorial\test_background_tasks\test_tutorial001.py,Python,.py,16,656
fastapi,tests\test_tutorial\test_background_tasks\test_tutorial002.py,Python,.py,27,1002
fastapi,tests\test_tutorial\test_background_tasks\__init__.py,Python,.py,0,0
fastapi,tests\test_tutorial\test_behind_a_proxy\test_tutorial001.py,Python,.py,32,1230
fastapi,tests\test_tutorial\test_behind_a_proxy\test_tutorial001_01.py,Python,.py,15,566
fastapi,tests\test_tutorial\test_behind_a_proxy\test_tutorial002.py,Python,.py,32,1209
fastapi,tests\test_tutorial\test_behind_a_proxy\test_tutorial003.py,Python,.py,42,1560
fastapi,tests\test_tutorial\test_behind_a_proxy\test_tutorial004.py,Python,.py,41,1523
fastapi,tests\test_tutorial\test_behind_a_proxy\__init__.py,Python,.py,0,0
fastapi,tests\test_tutorial\test_bigger_applications\test_main.py,Python,.py,552,23935
fastapi,tests\test_tutorial\test_bigger_applications\__init__.py,Python,.py,0,0
fastapi,tests\test_tutorial\test_body\test_tutorial001.py,Python,.py,307,11679
fastapi,tests\test_tutorial\test_body\test_tutorial002.py,Python,.py,153,6111
fastapi,tests\test_tutorial\test_body\test_tutorial003.py,Python,.py,164,6453
fastapi,tests\test_tutorial\test_body\test_tutorial004.py,Python,.py,175,6943
fastapi,tests\test_tutorial\test_body\__init__.py,Python,.py,0,0
fastapi,tests\test_tutorial\test_body_fields\test_tutorial001.py,Python,.py,176,7284
fastapi,tests\test_tutorial\test_body_fields\__init__.py,Python,.py,0,0
fastapi,tests\test_tutorial\test_body_multiple_params\test_tutorial001.py,Python,.py,170,7270
fastapi,tests\test_tutorial\test_body_multiple_params\test_tutorial002.py,Python,.py,345,12428
fastapi,tests\test_tutorial\test_body_multiple_params\test_tutorial003.py,Python,.py,212,8473
fastapi,tests\test_tutorial\test_body_multiple_params\test_tutorial004.py,Python,.py,278,10501
fastapi,tests\test_tutorial\test_body_multiple_params\test_tutorial005.py,Python,.py,258,9381
fastapi,tests\test_tutorial\test_body_multiple_params\__init__.py,Python,.py,0,0
fastapi,tests\test_tutorial\test_body_nested_models\test_tutorial001_tutorial002_tutorial003.py,Python,.py,234,8992
fastapi,tests\test_tutorial\test_body_nested_models\test_tutorial004.py,Python,.py,264,10010
fastapi,tests\test_tutorial\test_body_nested_models\test_tutorial005.py,Python,.py,288,10868
fastapi,tests\test_tutorial\test_body_nested_models\test_tutorial006.py,Python,.py,260,9990
fastapi,tests\test_tutorial\test_body_nested_models\test_tutorial007.py,Python,.py,332,12262
fastapi,tests\test_tutorial\test_body_nested_models\test_tutorial008.py,Python,.py,152,6318
fastapi,tests\test_tutorial\test_body_nested_models\test_tutorial009.py,Python,.py,113,4730
fastapi,tests\test_tutorial\test_body_nested_models\__init__.py,Python,.py,0,0
fastapi,tests\test_tutorial\test_body_updates\test_tutorial001.py,Python,.py,181,7708
fastapi,tests\test_tutorial\test_body_updates\test_tutorial002.py,Python,.py,200,8198
fastapi,tests\test_tutorial\test_body_updates\__init__.py,Python,.py,0,0
fastapi,tests\test_tutorial\test_conditional_openapi\test_tutorial001.py,Python,.py,50,1914
fastapi,tests\test_tutorial\test_conditional_openapi\__init__.py,Python,.py,0,0
fastapi,tests\test_tutorial\test_configure_swagger_ui\test_tutorial001.py,Python,.py,35,1462
fastapi,tests\test_tutorial\test_configure_swagger_ui\test_tutorial002.py,Python,.py,38,1617
fastapi,tests\test_tutorial\test_configure_swagger_ui\test_tutorial003.py,Python,.py,38,1584
fastapi,tests\test_tutorial\test_configure_swagger_ui\__init__.py,Python,.py,0,0
fastapi,tests\test_tutorial\test_cookie_params\test_tutorial001.py,Python,.py,115,4743
fastapi,tests\test_tutorial\test_cookie_params\__init__.py,Python,.py,0,0
fastapi,tests\test_tutorial\test_cookie_param_models\test_tutorial001.py,Python,.py,156,6427
fastapi,tests\test_tutorial\test_cookie_param_models\test_tutorial002.py,Python,.py,166,6719
fastapi,tests\test_tutorial\test_cookie_param_models\__init__.py,Python,.py,0,0
fastapi,tests\test_tutorial\test_cors\test_tutorial001.py,Python,.py,32,1321
fastapi,tests\test_tutorial\test_cors\__init__.py,Python,.py,0,0
fastapi,tests\test_tutorial\test_custom_docs_ui\test_tutorial001.py,Python,.py,35,1479
fastapi,tests\test_tutorial\test_custom_docs_ui\test_tutorial002.py,Python,.py,35,1397
fastapi,tests\test_tutorial\test_custom_docs_ui\__init__.py,Python,.py,0,0
fastapi,tests\test_tutorial\test_custom_request_and_route\test_tutorial001.py,Python,.py,36,1324
fastapi,tests\test_tutorial\test_custom_request_and_route\test_tutorial002.py,Python,.py,35,1320
fastapi,tests\test_tutorial\test_custom_request_and_route\test_tutorial003.py,Python,.py,23,884
fastapi,tests\test_tutorial\test_custom_request_and_route\__init__.py,Python,.py,0,0
fastapi,tests\test_tutorial\test_custom_response\test_tutorial001.py,Python,.py,44,1674
fastapi,tests\test_tutorial\test_custom_response\test_tutorial001b.py,Python,.py,39,1594
fastapi,tests\test_tutorial\test_custom_response\test_tutorial002_tutorial003_tutorial004.py,Python,.py,59,2050
fastapi,tests\test_tutorial\test_custom_response\test_tutorial005.py,Python,.py,33,1224
fastapi,tests\test_tutorial\test_custom_response\test_tutorial006.py,Python,.py,31,1231
fastapi,tests\test_tutorial\test_custom_response\test_tutorial006b.py,Python,.py,26,1046
fastapi,tests\test_tutorial\test_custom_response\test_tutorial006c.py,Python,.py,26,1046
fastapi,tests\test_tutorial\test_custom_response\test_tutorial007.py,Python,.py,7,281
fastapi,tests\test_tutorial\test_custom_response\test_tutorial008.py,Python,.py,13,563
fastapi,tests\test_tutorial\test_custom_response\test_tutorial009.py,Python,.py,13,563
fastapi,tests\test_tutorial\test_custom_response\test_tutorial009b.py,Python,.py,13,566
fastapi,tests\test_tutorial\test_custom_response\test_tutorial009c.py,Python,.py,8,303
fastapi,tests\test_tutorial\test_custom_response\test_tutorial010.py,Python,.py,43,1587
fastapi,tests\test_tutorial\test_custom_response\__init__.py,Python,.py,0,0
fastapi,tests\test_tutorial\test_dataclasses\test_tutorial001.py,Python,.py,131,5449
fastapi,tests\test_tutorial\test_dataclasses\test_tutorial002.py,Python,.py,79,3049
fastapi,tests\test_tutorial\test_dataclasses\test_tutorial003.py,Python,.py,199,8338
fastapi,tests\test_tutorial\test_dataclasses\__init__.py,Python,.py,0,0
fastapi,tests\test_tutorial\test_debugging\test_tutorial001.py,Python,.py,52,1996
fastapi,tests\test_tutorial\test_debugging\__init__.py,Python,.py,0,0
fastapi,tests\test_tutorial\test_dependencies\test_tutorial001_tutorial001_02.py,Python,.py,183,8072
fastapi,tests\test_tutorial\test_dependencies\test_tutorial002_tutorial003_tutorial004.py,Python,.py,171,6657
fastapi,tests\test_tutorial\test_dependencies\test_tutorial005.py,Python,.py,135,5273
fastapi,tests\test_tutorial\test_dependencies\test_tutorial006.py,Python,.py,136,5586
fastapi,tests\test_tutorial\test_dependencies\test_tutorial007.py,Python,.py,18,668
fastapi,tests\test_tutorial\test_dependencies\test_tutorial008.py,Python,.py,54,1589
fastapi,tests\test_tutorial\test_dependencies\test_tutorial008b.py,Python,.py,26,1068
fastapi,tests\test_tutorial\test_dependencies\test_tutorial008c.py,Python,.py,35,1461
fastapi,tests\test_tutorial\test_dependencies\test_tutorial008d.py,Python,.py,36,1443
fastapi,tests\test_tutorial\test_dependencies\test_tutorial008e.py,Python,.py,18,600
fastapi,tests\test_tutorial\test_dependencies\test_tutorial010.py,Python,.py,20,719
fastapi,tests\test_tutorial\test_dependencies\test_tutorial011.py,Python,.py,119,4641
fastapi,tests\test_tutorial\test_dependencies\test_tutorial012.py,Python,.py,211,8832
fastapi,tests\test_tutorial\test_dependencies\__init__.py,Python,.py,0,0
fastapi,tests\test_tutorial\test_encoder\test_tutorial001.py,Python,.py,198,7745
fastapi,tests\test_tutorial\test_encoder\__init__.py,Python,.py,0,0
fastapi,tests\test_tutorial\test_events\test_tutorial001.py,Python,.py,94,4356
fastapi,tests\test_tutorial\test_events\test_tutorial002.py,Python,.py,43,1673
fastapi,tests\test_tutorial\test_events\test_tutorial003.py,Python,.py,95,4402
fastapi,tests\test_tutorial\test_events\__init__.py,Python,.py,0,0
fastapi,tests\test_tutorial\test_extending_openapi\test_tutorial001.py,Python,.py,44,1762
fastapi,tests\test_tutorial\test_extending_openapi\__init__.py,Python,.py,0,0
fastapi,tests\test_tutorial\test_extra_data_types\test_tutorial001.py,Python,.py,154,6647
fastapi,tests\test_tutorial\test_extra_data_types\__init__.py,Python,.py,0,0
fastapi,tests\test_tutorial\test_extra_models\test_tutorial001_tutorial002.py,Python,.py,152,6420
fastapi,tests\test_tutorial\test_extra_models\test_tutorial003.py,Python,.py,147,6408
fastapi,tests\test_tutorial\test_extra_models\test_tutorial004.py,Python,.py,67,2633
fastapi,tests\test_tutorial\test_extra_models\test_tutorial005.py,Python,.py,49,1968
fastapi,tests\test_tutorial\test_extra_models\__init__.py,Python,.py,0,0
fastapi,tests\test_tutorial\test_first_steps\test_tutorial001_tutorial002_tutorial003.py,Python,.py,49,1662
fastapi,tests\test_tutorial\test_first_steps\__init__.py,Python,.py,0,0
fastapi,tests\test_tutorial\test_generate_clients\test_tutorial001.py,Python,.py,144,6302
fastapi,tests\test_tutorial\test_generate_clients\test_tutorial002.py,Python,.py,188,8496
fastapi,tests\test_tutorial\test_generate_clients\test_tutorial003.py,Python,.py,188,8474
fastapi,tests\test_tutorial\test_generate_clients\test_tutorial004.py,Python,.py,230,9747
fastapi,tests\test_tutorial\test_generate_clients\__init__.py,Python,.py,0,0
fastapi,tests\test_tutorial\test_graphql\test_tutorial001.py,Python,.py,64,2574
fastapi,tests\test_tutorial\test_graphql\__init__.py,Python,.py,0,0
fastapi,tests\test_tutorial\test_handling_errors\test_tutorial001.py,Python,.py,89,3928
fastapi,tests\test_tutorial\test_handling_errors\test_tutorial002.py,Python,.py,89,4001
fastapi,tests\test_tutorial\test_handling_errors\test_tutorial003.py,Python,.py,90,3925
fastapi,tests\test_tutorial\test_handling_errors\test_tutorial004.py,Python,.py,93,4088
fastapi,tests\test_tutorial\test_handling_errors\test_tutorial005.py,Python,.py,108,4649
fastapi,tests\test_tutorial\test_handling_errors\test_tutorial006.py,Python,.py,101,4307
fastapi,tests\test_tutorial\test_handling_errors\__init__.py,Python,.py,0,0
fastapi,tests\test_tutorial\test_header_params\test_tutorial001.py,Python,.py,107,4568
fastapi,tests\test_tutorial\test_header_params\test_tutorial002.py,Python,.py,118,4801
fastapi,tests\test_tutorial\test_header_params\test_tutorial003.py,Python,.py,115,4779
fastapi,tests\test_tutorial\test_header_params\__init__.py,Python,.py,0,0
fastapi,tests\test_tutorial\test_header_param_models\test_tutorial001.py,Python,.py,195,7892
fastapi,tests\test_tutorial\test_header_param_models\test_tutorial002.py,Python,.py,189,7644
fastapi,tests\test_tutorial\test_header_param_models\test_tutorial003.py,Python,.py,232,9197
fastapi,tests\test_tutorial\test_header_param_models\__init__.py,Python,.py,0,0
fastapi,tests\test_tutorial\test_json_base64_bytes\test_tutorial001.py,Python,.py,212,9342
fastapi,tests\test_tutorial\test_json_base64_bytes\__init__.py,Python,.py,0,0
fastapi,tests\test_tutorial\test_metadata\test_tutorial001.py,Python,.py,46,2011
fastapi,tests\test_tutorial\test_metadata\test_tutorial001_1.py,Python,.py,46,1982
fastapi,tests\test_tutorial\test_metadata\test_tutorial002.py,Python,.py,37,1375
fastapi,tests\test_tutorial\test_metadata\test_tutorial003.py,Python,.py,44,1690
fastapi,tests\test_tutorial\test_metadata\test_tutorial004.py,Python,.py,60,2390
fastapi,tests\test_tutorial\test_metadata\__init__.py,Python,.py,0,0
fastapi,tests\test_tutorial\test_middleware\test_tutorial001.py,Python,.py,21,721
fastapi,tests\test_tutorial\test_middleware\__init__.py,Python,.py,0,0
fastapi,tests\test_tutorial\test_openapi_callbacks\test_tutorial001.py,Python,.py,196,9864
fastapi,tests\test_tutorial\test_openapi_callbacks\__init__.py,Python,.py,0,0
fastapi,tests\test_tutorial\test_openapi_webhooks\test_tutorial001.py,Python,.py,121,5442
fastapi,tests\test_tutorial\test_openapi_webhooks\__init__.py,Python,.py,0,0
fastapi,tests\test_tutorial\test_path_operation_advanced_configurations\test_tutorial001.py,Python,.py,31,1209
fastapi,tests\test_tutorial\test_path_operation_advanced_configurations\test_tutorial002.py,Python,.py,31,1192
fastapi,tests\test_tutorial\test_path_operation_advanced_configurations\test_tutorial003.py,Python,.py,18,682
fastapi,tests\test_tutorial\test_path_operation_advanced_configurations\test_tutorial004.py,Python,.py,133,5883
fastapi,tests\test_tutorial\test_path_operation_advanced_configurations\test_tutorial005.py,Python,.py,31,1210
fastapi,tests\test_tutorial\test_path_operation_advanced_configurations\test_tutorial006.py,Python,.py,54,2246
fastapi,tests\test_tutorial\test_path_operation_advanced_configurations\test_tutorial007.py,Python,.py,106,3793
fastapi,tests\test_tutorial\test_path_operation_advanced_configurations\__init__.py,Python,.py,0,0
fastapi,tests\test_tutorial\test_path_operation_configurations\test_tutorial001.py,Python,.py,182,7290
fastapi,tests\test_tutorial\test_path_operation_configurations\test_tutorial002.py,Python,.py,215,8784
fastapi,tests\test_tutorial\test_path_operation_configurations\test_tutorial002b.py,Python,.py,49,1970
fastapi,tests\test_tutorial\test_path_operation_configurations\test_tutorial003_tutorial004.py,Python,.py,198,8089
fastapi,tests\test_tutorial\test_path_operation_configurations\test_tutorial005.py,Python,.py,132,5843
fastapi,tests\test_tutorial\test_path_operation_configurations\test_tutorial006.py,Python,.py,68,2726
fastapi,tests\test_tutorial\test_path_operation_configurations\__init__.py,Python,.py,0,0
fastapi,tests\test_tutorial\test_path_params\test_tutorial001.py,Python,.py,115,4705
fastapi,tests\test_tutorial\test_path_params\test_tutorial002.py,Python,.py,121,5005
fastapi,tests\test_tutorial\test_path_params\test_tutorial003.py,Python,.py,132,5461
fastapi,tests\test_tutorial\test_path_params\test_tutorial003b.py,Python,.py,38,1477
fastapi,tests\test_tutorial\test_path_params\test_tutorial004.py,Python,.py,90,4000
fastapi,tests\test_tutorial\test_path_params\test_tutorial005.py,Python,.py,111,4833
fastapi,tests\test_tutorial\test_path_params\__init__.py,Python,.py,0,0
fastapi,tests\test_tutorial\test_path_params_numeric_validations\test_tutorial001.py,Python,.py,157,6447
fastapi,tests\test_tutorial\test_path_params_numeric_validations\test_tutorial002_tutorial003.py,Python,.py,164,6523
fastapi,tests\test_tutorial\test_path_params_numeric_validations\test_tutorial004.py,Python,.py,177,6983
fastapi,tests\test_tutorial\test_path_params_numeric_validations\test_tutorial005.py,Python,.py,192,7554
fastapi,tests\test_tutorial\test_path_params_numeric_validations\test_tutorial006.py,Python,.py,211,8302
fastapi,tests\test_tutorial\test_path_params_numeric_validations\__init__.py,Python,.py,0,0
fastapi,tests\test_tutorial\test_python_types\test_tutorial001_tutorial002.py,Python,.py,14,418
fastapi,tests\test_tutorial\test_python_types\test_tutorial003.py,Python,.py,7,358
fastapi,tests\test_tutorial\test_python_types\test_tutorial004.py,Python,.py,3,183
fastapi,tests\test_tutorial\test_python_types\test_tutorial005.py,Python,.py,10,432
fastapi,tests\test_tutorial\test_python_types\test_tutorial006.py,Python,.py,12,443
fastapi,tests\test_tutorial\test_python_types\test_tutorial007.py,Python,.py,5,229
fastapi,tests\test_tutorial\test_python_types\test_tutorial008.py,Python,.py,13,435
fastapi,tests\test_tutorial\test_python_types\test_tutorial008b.py,Python,.py,20,665
fastapi,tests\test_tutorial\test_python_types\test_tutorial009_tutorial009b.py,Python,.py,25,795
fastapi,tests\test_tutorial\test_python_types\test_tutorial010.py,Python,.py,3,172
fastapi,tests\test_tutorial\test_python_types\test_tutorial011.py,Python,.py,19,673
fastapi,tests\test_tutorial\test_python_types\test_tutorial013.py,Python,.py,3,142
fastapi,tests\test_tutorial\test_python_types\__init__.py,Python,.py,0,0
fastapi,tests\test_tutorial\test_query_params\test_tutorial001.py,Python,.py,125,4948
fastapi,tests\test_tutorial\test_query_params\test_tutorial002.py,Python,.py,124,4989
fastapi,tests\test_tutorial\test_query_params\test_tutorial003.py,Python,.py,145,5800
fastapi,tests\test_tutorial\test_query_params\test_tutorial004.py,Python,.py,153,6248
fastapi,tests\test_tutorial\test_query_params\test_tutorial005.py,Python,.py,103,4345
fastapi,tests\test_tutorial\test_query_params\test_tutorial006.py,Python,.py,150,6145
fastapi,tests\test_tutorial\test_query_params\__init__.py,Python,.py,0,0
fastapi,tests\test_tutorial\test_query_params_str_validations\test_tutorial001.py,Python,.py,114,4865
fastapi,tests\test_tutorial\test_query_params_str_validations\test_tutorial002.py,Python,.py,132,5593
fastapi,tests\test_tutorial\test_query_params_str_validations\test_tutorial003.py,Python,.py,143,5903
fastapi,tests\test_tutorial\test_query_params_str_validations\test_tutorial004.py,Python,.py,130,5524
fastapi,tests\test_tutorial\test_query_params_str_validations\test_tutorial005.py,Python,.py,126,5109
fastapi,tests\test_tutorial\test_query_params_str_validations\test_tutorial006.py,Python,.py,131,5200
fastapi,tests\test_tutorial\test_query_params_str_validations\test_tutorial006c.py,Python,.py,139,5737
fastapi,tests\test_tutorial\test_query_params_str_validations\test_tutorial007.py,Python,.py,128,5367
fastapi,tests\test_tutorial\test_query_params_str_validations\test_tutorial008.py,Python,.py,130,5625
fastapi,tests\test_tutorial\test_query_params_str_validations\test_tutorial009.py,Python,.py,115,4993
fastapi,tests\test_tutorial\test_query_params_str_validations\test_tutorial010.py,Python,.py,141,6158
fastapi,tests\test_tutorial\test_query_params_str_validations\test_tutorial011.py,Python,.py,110,4603
fastapi,tests\test_tutorial\test_query_params_str_validations\test_tutorial012.py,Python,.py,108,4498
fastapi,tests\test_tutorial\test_query_params_str_validations\test_tutorial013.py,Python,.py,108,4419
fastapi,tests\test_tutorial\test_query_params_str_validations\test_tutorial014.py,Python,.py,94,3957
fastapi,tests\test_tutorial\test_query_params_str_validations\test_tutorial015.py,Python,.py,128,5302
fastapi,tests\test_tutorial\test_query_params_str_validations\__init__.py,Python,.py,0,0
fastapi,tests\test_tutorial\test_query_param_models\test_tutorial001.py,Python,.py,212,8251
fastapi,tests\test_tutorial\test_query_param_models\test_tutorial002.py,Python,.py,218,8447
fastapi,tests\test_tutorial\test_query_param_models\__init__.py,Python,.py,0,0
fastapi,tests\test_tutorial\test_request_files\test_tutorial001.py,Python,.py,197,8483
fastapi,tests\test_tutorial\test_request_files\test_tutorial001_02.py,Python,.py,179,8079
fastapi,tests\test_tutorial\test_request_files\test_tutorial001_03.py,Python,.py,165,7388
fastapi,tests\test_tutorial\test_request_files\test_tutorial002.py,Python,.py,234,9700
fastapi,tests\test_tutorial\test_request_files\test_tutorial003.py,Python,.py,210,9032
fastapi,tests\test_tutorial\test_request_files\__init__.py,Python,.py,0,0
fastapi,tests\test_tutorial\test_request_forms\test_tutorial001.py,Python,.py,170,6643
fastapi,tests\test_tutorial\test_request_forms\__init__.py,Python,.py,0,0
fastapi,tests\test_tutorial\test_request_forms_and_files\test_tutorial001.py,Python,.py,225,8524
fastapi,tests\test_tutorial\test_request_forms_and_files\__init__.py,Python,.py,0,0
fastapi,tests\test_tutorial\test_request_form_models\test_tutorial001.py,Python,.py,168,6574
fastapi,tests\test_tutorial\test_request_form_models\test_tutorial002.py,Python,.py,184,7129
fastapi,tests\test_tutorial\test_request_form_models\__init__.py,Python,.py,0,0
fastapi,tests\test_tutorial\test_response_change_status_code\test_tutorial001.py,Python,.py,11,542
fastapi,tests\test_tutorial\test_response_change_status_code\__init__.py,Python,.py,0,0
fastapi,tests\test_tutorial\test_response_cookies\test_tutorial001.py,Python,.py,8,421
fastapi,tests\test_tutorial\test_response_cookies\test_tutorial002.py,Python,.py,8,432
fastapi,tests\test_tutorial\test_response_cookies\__init__.py,Python,.py,0,0
fastapi,tests\test_tutorial\test_response_directly\test_tutorial001.py,Python,.py,147,5964
fastapi,tests\test_tutorial\test_response_directly\test_tutorial002.py,Python,.py,59,1963
fastapi,tests\test_tutorial\test_response_directly\__init__.py,Python,.py,0,0
fastapi,tests\test_tutorial\test_response_headers\test_tutorial001.py,Python,.py,9,445
fastapi,tests\test_tutorial\test_response_headers\test_tutorial002.py,Python,.py,8,396
fastapi,tests\test_tutorial\test_response_headers\__init__.py,Python,.py,0,0
fastapi,tests\test_tutorial\test_response_model\test_tutorial001_tutorial001_01.py,Python,.py,187,7568
fastapi,tests\test_tutorial\test_response_model\test_tutorial002.py,Python,.py,128,5348
fastapi,tests\test_tutorial\test_response_model\test_tutorial003.py,Python,.py,148,6238
fastapi,tests\test_tutorial\test_response_model\test_tutorial003_01.py,Python,.py,148,6244
fastapi,tests\test_tutorial\test_response_model\test_tutorial003_02.py,Python,.py,92,4125
fastapi,tests\test_tutorial\test_response_model\test_tutorial003_03.py,Python,.py,31,1262
fastapi,tests\test_tutorial\test_response_model\test_tutorial003_04.py,Python,.py,13,425
fastapi,tests\test_tutorial\test_response_model\test_tutorial003_05.py,Python,.py,103,4474
fastapi,tests\test_tutorial\test_response_model\test_tutorial004.py,Python,.py,139,5675
fastapi,tests\test_tutorial\test_response_model\test_tutorial005.py,Python,.py,155,6889
fastapi,tests\test_tutorial\test_response_model\test_tutorial006.py,Python,.py,155,6889
fastapi,tests\test_tutorial\test_response_model\__init__.py,Python,.py,0,0
fastapi,tests\test_tutorial\test_response_status_code\test_tutorial001_tutorial002.py,Python,.py,95,4015
fastapi,tests\test_tutorial\test_response_status_code\__init__.py,Python,.py,0,0
fastapi,tests\test_tutorial\test_schema_extra_example\test_tutorial001.py,Python,.py,135,5667
fastapi,tests\test_tutorial\test_schema_extra_example\test_tutorial002.py,Python,.py,137,5751
fastapi,tests\test_tutorial\test_schema_extra_example\test_tutorial003.py,Python,.py,138,5943
fastapi,tests\test_tutorial\test_schema_extra_example\test_tutorial004.py,Python,.py,143,6265
fastapi,tests\test_tutorial\test_schema_extra_example\test_tutorial005.py,Python,.py,152,7002
fastapi,tests\test_tutorial\test_schema_extra_example\__init__.py,Python,.py,0,0
fastapi,tests\test_tutorial\test_security\test_tutorial001.py,Python,.py,61,2495
fastapi,tests\test_tutorial\test_security\test_tutorial002.py,Python,.py,62,2395
fastapi,tests\test_tutorial\test_security\test_tutorial003.py,Python,.py,192,8913
fastapi,tests\test_tutorial\test_security\test_tutorial004.py,Python,.py,330,15008
fastapi,tests\test_tutorial\test_security\test_tutorial005.py,Python,.py,378,17218
fastapi,tests\test_tutorial\test_security\test_tutorial006.py,Python,.py,66,2878
fastapi,tests\test_tutorial\test_security\test_tutorial007.py,Python,.py,75,3530
fastapi,tests\test_tutorial\test_security\__init__.py,Python,.py,0,0
fastapi,tests\test_tutorial\test_separate_openapi_schemas\test_tutorial001.py,Python,.py,137,5987
fastapi,tests\test_tutorial\test_separate_openapi_schemas\test_tutorial002.py,Python,.py,137,5987
fastapi,tests\test_tutorial\test_separate_openapi_schemas\__init__.py,Python,.py,0,0
fastapi,tests\test_tutorial\test_server_sent_events\test_tutorial001.py,Python,.py,183,8757
fastapi,tests\test_tutorial\test_server_sent_events\test_tutorial002.py,Python,.py,70,3164
fastapi,tests\test_tutorial\test_server_sent_events\test_tutorial003.py,Python,.py,64,2826
fastapi,tests\test_tutorial\test_server_sent_events\test_tutorial004.py,Python,.py,147,6276
fastapi,tests\test_tutorial\test_server_sent_events\test_tutorial005.py,Python,.py,131,5597
fastapi,tests\test_tutorial\test_server_sent_events\__init__.py,Python,.py,0,0
fastapi,tests\test_tutorial\test_settings\test_app01.py,Python,.py,69,2440
fastapi,tests\test_tutorial\test_settings\test_app02.py,Python,.py,29,1080
fastapi,tests\test_tutorial\test_settings\test_app03.py,Python,.py,35,1296
fastapi,tests\test_tutorial\test_settings\test_tutorial001.py,Python,.py,18,714
fastapi,tests\test_tutorial\test_settings\__init__.py,Python,.py,0,0
fastapi,tests\test_tutorial\test_sql_databases\test_tutorial001.py,Python,.py,341,14852
fastapi,tests\test_tutorial\test_sql_databases\test_tutorial002.py,Python,.py,419,18922
fastapi,tests\test_tutorial\test_sql_databases\__init__.py,Python,.py,0,0
fastapi,tests\test_tutorial\test_static_files\test_tutorial001.py,Python,.py,37,1367
fastapi,tests\test_tutorial\test_static_files\__init__.py,Python,.py,0,0
fastapi,tests\test_tutorial\test_stream_data\test_tutorial001.py,Python,.py,144,6012
fastapi,tests\test_tutorial\test_stream_data\test_tutorial002.py,Python,.py,112,4602
fastapi,tests\test_tutorial\test_stream_data\__init__.py,Python,.py,0,0
fastapi,tests\test_tutorial\test_stream_json_lines\test_tutorial001.py,Python,.py,133,5499
fastapi,tests\test_tutorial\test_stream_json_lines\__init__.py,Python,.py,0,0
fastapi,tests\test_tutorial\test_strict_content_type\test_tutorial001.py,Python,.py,34,1243
fastapi,tests\test_tutorial\test_strict_content_type\__init__.py,Python,.py,0,0
fastapi,tests\test_tutorial\test_sub_applications\test_tutorial001.py,Python,.py,59,2277
fastapi,tests\test_tutorial\test_sub_applications\__init__.py,Python,.py,0,0
fastapi,tests\test_tutorial\test_templates\test_tutorial001.py,Python,.py,25,998
fastapi,tests\test_tutorial\test_templates\__init__.py,Python,.py,0,0
fastapi,tests\test_tutorial\test_testing\test_main_a.py,Python,.py,27,993
fastapi,tests\test_tutorial\test_testing\test_main_b.py,Python,.py,22,794
fastapi,tests\test_tutorial\test_testing\test_tutorial001.py,Python,.py,27,989
fastapi,tests\test_tutorial\test_testing\test_tutorial002.py,Python,.py,5,169
fastapi,tests\test_tutorial\test_testing\test_tutorial003.py,Python,.py,5,180
fastapi,tests\test_tutorial\test_testing\test_tutorial004.py,Python,.py,3,113
fastapi,tests\test_tutorial\test_testing\__init__.py,Python,.py,0,0
fastapi,tests\test_tutorial\test_testing_dependencies\test_tutorial001.py,Python,.py,59,2452
fastapi,tests\test_tutorial\test_testing_dependencies\__init__.py,Python,.py,0,0
fastapi,tests\test_tutorial\test_using_request_directly\test_tutorial001.py,Python,.py,111,4613
fastapi,tests\test_tutorial\test_using_request_directly\__init__.py,Python,.py,0,0
fastapi,tests\test_tutorial\test_websockets\test_tutorial001.py,Python,.py,20,855
fastapi,tests\test_tutorial\test_websockets\test_tutorial002.py,Python,.py,87,4214
fastapi,tests\test_tutorial\test_websockets\test_tutorial003.py,Python,.py,42,1545
fastapi,tests\test_tutorial\test_websockets\__init__.py,Python,.py,0,0
fastapi,tests\test_tutorial\test_wsgi\test_tutorial001.py,Python,.py,11,459
fastapi,tests\test_tutorial\test_wsgi\__init__.py,Python,.py,0,0
fastapi,tests\test_validate_response_recursive\app.py,Python,.py,34,1198
fastapi,tests\test_validate_response_recursive\test_validate_response_recursive.py,Python,.py,26,866
fastapi,tests\test_validate_response_recursive\__init__.py,Python,.py,0,0
scikit-learn,.devcontainer\setup.sh,Shell,.sh,16,701
scikit-learn,.github\scripts\add_or_remove_no_pr_warning.py,Python,.py,43,1939
scikit-learn,.github\scripts\first-time-contributor.py,Python,.py,93,3874
scikit-learn,.github\scripts\label_title_regex.py,Python,.py,17,688
scikit-learn,.spin\cmds.py,Python,.py,23,822
scikit-learn,asv_benchmarks\benchmarks\cluster.py,Python,.py,79,3029
scikit-learn,asv_benchmarks\benchmarks\common.py,Python,.py,191,7603
scikit-learn,asv_benchmarks\benchmarks\datasets.py,Python,.py,134,5358
scikit-learn,asv_benchmarks\benchmarks\decomposition.py,Python,.py,68,2502
scikit-learn,asv_benchmarks\benchmarks\ensemble.py,Python,.py,87,3116
scikit-learn,asv_benchmarks\benchmarks\linear_model.py,Python,.py,183,6863
scikit-learn,asv_benchmarks\benchmarks\manifold.py,Python,.py,22,854
scikit-learn,asv_benchmarks\benchmarks\metrics.py,Python,.py,34,1408
scikit-learn,asv_benchmarks\benchmarks\model_selection.py,Python,.py,57,2455
scikit-learn,asv_benchmarks\benchmarks\neighbors.py,Python,.py,26,1179
scikit-learn,asv_benchmarks\benchmarks\svm.py,Python,.py,20,792
scikit-learn,asv_benchmarks\benchmarks\utils.py,Python,.py,32,1357
scikit-learn,asv_benchmarks\benchmarks\__init__.py,Python,.py,1,50
scikit-learn,benchmarks\bench_20newsgroups.py,Python,.py,83,3215
scikit-learn,benchmarks\bench_covertype.py,Python,.py,201,7519
scikit-learn,benchmarks\bench_feature_expansions.py,Python,.py,51,1878
scikit-learn,benchmarks\bench_glm.py,Python,.py,40,1536
scikit-learn,benchmarks\bench_glmnet.py,Python,.py,110,4108
scikit-learn,benchmarks\bench_hist_gradient_boosting.py,Python,.py,258,9808
scikit-learn,benchmarks\bench_hist_gradient_boosting_adult.py,Python,.py,84,3607
scikit-learn,benchmarks\bench_hist_gradient_boosting_categorical_only.py,Python,.py,65,2701
scikit-learn,benchmarks\bench_hist_gradient_boosting_higgsboson.py,Python,.py,106,4373
scikit-learn,benchmarks\bench_hist_gradient_boosting_threading.py,Python,.py,298,11378
scikit-learn,benchmarks\bench_isolation_forest.py,Python,.py,137,5660
scikit-learn,benchmarks\bench_isolation_forest_predict.py,Python,.py,171,6887
scikit-learn,benchmarks\bench_isotonic.py,Python,.py,87,3373
scikit-learn,benchmarks\bench_kernel_pca_solvers_time_vs_n_components.py,Python,.py,150,5593
scikit-learn,benchmarks\bench_kernel_pca_solvers_time_vs_n_samples.py,Python,.py,154,5949
scikit-learn,benchmarks\bench_lasso.py,Python,.py,78,3197
scikit-learn,benchmarks\bench_lof.py,Python,.py,94,3639
scikit-learn,benchmarks\bench_mnist.py,Python,.py,200,7160
scikit-learn,benchmarks\bench_online_ocsvm.py,Python,.py,236,9713
scikit-learn,benchmarks\bench_pca_solvers.py,Python,.py,151,5979
scikit-learn,benchmarks\bench_plot_fastkmeans.py,Python,.py,115,4569
scikit-learn,benchmarks\bench_plot_hierarchical.py,Python,.py,59,2632
scikit-learn,benchmarks\bench_plot_incremental_pca.py,Python,.py,129,5720
scikit-learn,benchmarks\bench_plot_lasso_path.py,Python,.py,92,4031
scikit-learn,benchmarks\bench_plot_neighbors.py,Python,.py,153,5911
scikit-learn,benchmarks\bench_plot_nmf.py,Python,.py,397,15867
scikit-learn,benchmarks\bench_plot_omp_lars.py,Python,.py,102,4536
scikit-learn,benchmarks\bench_plot_parallel_pairwise.py,Python,.py,33,1291
scikit-learn,benchmarks\bench_plot_polynomial_kernel_approximation.py,Python,.py,146,6204
scikit-learn,benchmarks\bench_plot_randomized_svd.py,Python,.py,454,18652
scikit-learn,benchmarks\bench_plot_svd.py,Python,.py,63,2839
scikit-learn,benchmarks\bench_plot_ward.py,Python,.py,40,1318
scikit-learn,benchmarks\bench_random_projections.py,Python,.py,255,8870
scikit-learn,benchmarks\bench_rcv1_logreg_convergence.py,Python,.py,264,8056
scikit-learn,benchmarks\bench_saga.py,Python,.py,346,11637
scikit-learn,benchmarks\bench_sample_without_replacement.py,Python,.py,194,7664
scikit-learn,benchmarks\bench_sgd_regression.py,Python,.py,129,5485
scikit-learn,benchmarks\bench_sparsify.py,Python,.py,81,3464
scikit-learn,benchmarks\bench_text_vectorizers.py,Python,.py,52,1994
scikit-learn,benchmarks\bench_tree.py,Python,.py,96,3747
scikit-learn,benchmarks\bench_tsne_mnist.py,Python,.py,176,6624
scikit-learn,benchmarks\plot_tsne_mnist.py,Python,.py,27,890
scikit-learn,build_tools\check-meson-openmp-dependencies.py,Python,.py,137,5632
scikit-learn,build_tools\generate_authors_table.py,Python,.py,212,8369
scikit-learn,build_tools\get_comment.py,Python,.py,318,12413
scikit-learn,build_tools\linting.sh,Shell,.sh,135,5146
scikit-learn,build_tools\shared.sh,Shell,.sh,66,2509
scikit-learn,build_tools\update_environments_and_lock_files.py,Python,.py,793,29051
scikit-learn,build_tools\circle\build_doc.sh,Shell,.sh,239,9900
scikit-learn,build_tools\circle\checkout_merge_commit.sh,Shell,.sh,26,952
scikit-learn,build_tools\circle\download_documentation.sh,Shell,.sh,6,135
scikit-learn,build_tools\circle\list_versions.py,Python,.py,120,5202
scikit-learn,build_tools\circle\push_doc.sh,Shell,.sh,55,1646
scikit-learn,build_tools\github\autoclose_prs.py,Python,.py,49,1849
scikit-learn,build_tools\github\build_source.sh,Shell,.sh,14,419
scikit-learn,build_tools\github\check_build_trigger.sh,Shell,.sh,10,341
scikit-learn,build_tools\github\check_wheels.py,Python,.py,22,835
scikit-learn,build_tools\github\combine_coverage_reports.sh,Shell,.sh,13,423
scikit-learn,build_tools\github\create_gpu_environment.sh,Shell,.sh,20,1009
scikit-learn,build_tools\github\install.sh,Shell,.sh,126,5700
scikit-learn,build_tools\github\repair_windows_wheels.sh,Shell,.sh,13,366
scikit-learn,build_tools\github\test_docs.sh,Shell,.sh,16,827
scikit-learn,build_tools\github\test_pytest_soft_dependency.sh,Shell,.sh,20,715
scikit-learn,build_tools\github\test_script.sh,Shell,.sh,52,2173
scikit-learn,build_tools\github\test_source.sh,Shell,.sh,12,323
scikit-learn,build_tools\github\upload_anaconda.sh,Shell,.sh,11,429
scikit-learn,build_tools\github\vendor.py,Python,.py,74,3132
scikit-learn,build_tools\wheels\check_license.py,Python,.py,23,847
scikit-learn,build_tools\wheels\cibw_before_build.sh,Shell,.sh,14,538
scikit-learn,build_tools\wheels\configure_macos_env.sh,Shell,.sh,24,1280
scikit-learn,build_tools\wheels\test_wheels.sh,Shell,.sh,23,1013
scikit-learn,doc\api_reference.py,Python,.py,1352,50728
scikit-learn,doc\conf.py,Python,.py,928,40418
scikit-learn,doc\conftest.py,Python,.py,139,5820
scikit-learn,doc\css\styles\api-search.css,CSS,.css,94,2710
scikit-learn,doc\css\styles\api.css,CSS,.css,43,1239
scikit-learn,doc\css\styles\colors.css,CSS,.css,46,1431
scikit-learn,doc\css\styles\custom.css,CSS,.css,269,6814
scikit-learn,doc\css\styles\index.css,CSS,.css,133,3140
scikit-learn,doc\js\scripts\api-search.js,JavaScript,.js,11,440
scikit-learn,doc\js\scripts\dropdown.js,JavaScript,.js,56,2509
scikit-learn,doc\js\scripts\sg_plotly_resize.js,JavaScript,.js,8,465
scikit-learn,doc\js\scripts\theme-observer.js,JavaScript,.js,22,694
scikit-learn,doc\js\scripts\version-switcher.js,JavaScript,.js,37,1656
scikit-learn,doc\js\scripts\vendor\svg-pan-zoom.min.js,JavaScript,.js,31,31220
scikit-learn,doc\sphinxext\allow_nan_estimators.py,Python,.py,53,2389
scikit-learn,doc\sphinxext\autoshortsummary.py,Python,.py,39,1944
scikit-learn,doc\sphinxext\doi_role.py,Python,.py,39,1713
scikit-learn,doc\sphinxext\dropdown_anchors.py,Python,.py,45,2431
scikit-learn,doc\sphinxext\github_link.py,Python,.py,70,2788
scikit-learn,doc\sphinxext\override_pst_pagetoc.py,Python,.py,66,3631
scikit-learn,doc\sphinxext\sphinx_issues.py,Python,.py,190,8335
scikit-learn,doc\templates\funding_links.html,HTML,.html,16,589
scikit-learn,doc\templates\index.html,HTML,.html,318,18920
scikit-learn,doc\templates\redirects.html,HTML,.html,15,604
scikit-learn,examples\applications\plot_cyclical_feature_engineering.py,Python,.py,770,33363
scikit-learn,examples\applications\plot_digits_denoising.py,Python,.py,127,5380
scikit-learn,examples\applications\plot_face_recognition.py,Python,.py,220,9858
scikit-learn,examples\applications\plot_model_complexity_influence.py,Python,.py,248,10856
scikit-learn,examples\applications\plot_outlier_detection_wine.py,Python,.py,120,5034
scikit-learn,examples\applications\plot_out_of_core_classification.py,Python,.py,346,13925
scikit-learn,examples\applications\plot_prediction_latency.py,Python,.py,287,11493
scikit-learn,examples\applications\plot_species_distribution_modeling.py,Python,.py,197,8016
scikit-learn,examples\applications\plot_stock_market.py,Python,.py,239,8542
scikit-learn,examples\applications\plot_time_series_lagged_features.py,Python,.py,379,16762
scikit-learn,examples\applications\plot_tomography_l1_reconstruction.py,Python,.py,120,5641
scikit-learn,examples\applications\plot_topics_extraction_with_nmf_lda.py,Python,.py,194,6911
scikit-learn,examples\applications\plot_wikipedia_principal_eigenvector.py,Python,.py,196,8304
scikit-learn,examples\bicluster\plot_bicluster_newsgroups.py,Python,.py,131,5514
scikit-learn,examples\bicluster\plot_spectral_biclustering.py,Python,.py,103,4799
scikit-learn,examples\bicluster\plot_spectral_coclustering.py,Python,.py,41,1802
scikit-learn,examples\calibration\plot_calibration.py,Python,.py,117,4812
scikit-learn,examples\calibration\plot_calibration_curve.py,Python,.py,285,11855
scikit-learn,examples\calibration\plot_calibration_multiclass.py,Python,.py,264,11063
scikit-learn,examples\calibration\plot_compare_calibration.py,Python,.py,257,12463
scikit-learn,examples\callbacks\plot_callback_support.py,Python,.py,352,18996
scikit-learn,examples\callbacks\plot_scoring_monitor.py,Python,.py,228,10910
scikit-learn,examples\classification\plot_classification_probability.py,Python,.py,219,9076
scikit-learn,examples\classification\plot_classifier_comparison.py,Python,.py,138,5101
scikit-learn,examples\classification\plot_digits_classification.py,Python,.py,102,4685
scikit-learn,examples\classification\plot_lda.py,Python,.py,87,3232
scikit-learn,examples\classification\plot_lda_qda.py,Python,.py,204,8101
scikit-learn,examples\cluster\plot_adjusted_for_chance_measures.py,Python,.py,195,8919
scikit-learn,examples\cluster\plot_affinity_propagation.py,Python,.py,64,2339
scikit-learn,examples\cluster\plot_agglomerative_clustering_metrics.py,Python,.py,116,4940
scikit-learn,examples\cluster\plot_agglomerative_dendrogram.py,Python,.py,42,1777
scikit-learn,examples\cluster\plot_birch_vs_minibatchkmeans.py,Python,.py,90,3893
scikit-learn,examples\cluster\plot_bisect_kmeans.py,Python,.py,47,2125
scikit-learn,examples\cluster\plot_cluster_comparison.py,Python,.py,259,8863
scikit-learn,examples\cluster\plot_coin_segmentation.py,Python,.py,85,3980
scikit-learn,examples\cluster\plot_coin_ward_segmentation.py,Python,.py,72,2455
scikit-learn,examples\cluster\plot_dbscan.py,Python,.py,106,4214
scikit-learn,examples\cluster\plot_dict_face_patches.py,Python,.py,72,2818
scikit-learn,examples\cluster\plot_digits_agglomeration.py,Python,.py,48,1638
scikit-learn,examples\cluster\plot_digits_linkage.py,Python,.py,64,2842
scikit-learn,examples\cluster\plot_face_compress.py,Python,.py,159,7039
scikit-learn,examples\cluster\plot_feature_agglomeration_vs_univariate_selection.py,Python,.py,94,3696
scikit-learn,examples\cluster\plot_hdbscan.py,Python,.py,226,10186
scikit-learn,examples\cluster\plot_inductive_clustering.py,Python,.py,101,4187
scikit-learn,examples\cluster\plot_kmeans_assumptions.py,Python,.py,142,6784
scikit-learn,examples\cluster\plot_kmeans_digits.py,Python,.py,162,6526
scikit-learn,examples\cluster\plot_kmeans_plusplus.py,Python,.py,33,1294
scikit-learn,examples\cluster\plot_kmeans_silhouette_analysis.py,Python,.py,132,6140
scikit-learn,examples\cluster\plot_kmeans_stability_low_dim_dense.py,Python,.py,104,4472
scikit-learn,examples\cluster\plot_linkage_comparison.py,Python,.py,148,5420
scikit-learn,examples\cluster\plot_mean_shift.py,Python,.py,53,1814
scikit-learn,examples\cluster\plot_mini_batch_kmeans.py,Python,.py,118,4253
scikit-learn,examples\cluster\plot_optics.py,Python,.py,88,3580
scikit-learn,examples\cluster\plot_segmentation_toy.py,Python,.py,88,3849
scikit-learn,examples\cluster\plot_ward_structured_vs_unstructured.py,Python,.py,158,6701
scikit-learn,examples\compose\plot_column_transformer.py,Python,.py,159,6949
scikit-learn,examples\compose\plot_column_transformer_mixed_types.py,Python,.py,190,8077
scikit-learn,examples\compose\plot_compare_reduction.py,Python,.py,108,4595
scikit-learn,examples\compose\plot_digits_pipe.py,Python,.py,70,2675
scikit-learn,examples\compose\plot_feature_union.py,Python,.py,43,2012
scikit-learn,examples\compose\plot_transformed_target.py,Python,.py,191,7874
scikit-learn,examples\covariance\plot_covariance_estimation.py,Python,.py,135,5440
scikit-learn,examples\covariance\plot_lw_vs_oas.py,Python,.py,94,3132
scikit-learn,examples\covariance\plot_mahalanobis_distances.py,Python,.py,183,8394
scikit-learn,examples\covariance\plot_robust_vs_empirical_covariance.py,Python,.py,167,6771
scikit-learn,examples\covariance\plot_sparse_cov.py,Python,.py,132,5146
scikit-learn,examples\cross_decomposition\plot_compare_cross_decomposition.py,Python,.py,144,5023
scikit-learn,examples\cross_decomposition\plot_pcr_vs_pls.py,Python,.py,146,7175
scikit-learn,examples\datasets\plot_random_multilabel_dataset.py,Python,.py,88,3325
scikit-learn,examples\decomposition\plot_faces_decomposition.py,Python,.py,288,10879
scikit-learn,examples\decomposition\plot_ica_blind_source_separation.py,Python,.py,64,2307
scikit-learn,examples\decomposition\plot_ica_vs_pca.py,Python,.py,89,3433
scikit-learn,examples\decomposition\plot_image_denoising.py,Python,.py,153,6333
scikit-learn,examples\decomposition\plot_incremental_pca.py,Python,.py,49,2083
scikit-learn,examples\decomposition\plot_kernel_pca.py,Python,.py,140,6977
scikit-learn,examples\decomposition\plot_pca_iris.py,Python,.py,87,3535
scikit-learn,examples\decomposition\plot_pca_vs_fa_model_selection.py,Python,.py,113,4638
scikit-learn,examples\decomposition\plot_pca_vs_lda.py,Python,.py,51,2162
scikit-learn,examples\decomposition\plot_sparse_coding.py,Python,.py,106,4232
scikit-learn,examples\decomposition\plot_varimax_fa.py,Python,.py,63,2432
scikit-learn,examples\developing_estimators\sklearn_is_fitted.py,Python,.py,61,2682
scikit-learn,examples\ensemble\plot_adaboost_multiclass.py,Python,.py,224,10487
scikit-learn,examples\ensemble\plot_adaboost_regression.py,Python,.py,61,2718
scikit-learn,examples\ensemble\plot_adaboost_twoclass.py,Python,.py,92,3164
scikit-learn,examples\ensemble\plot_bias_variance.py,Python,.py,146,7427
scikit-learn,examples\ensemble\plot_ensemble_oob.py,Python,.py,85,3254
scikit-learn,examples\ensemble\plot_feature_transformation.py,Python,.py,128,5429
scikit-learn,examples\ensemble\plot_forest_hist_grad_boosting_comparison.py,Python,.py,197,9157
scikit-learn,examples\ensemble\plot_forest_importances.py,Python,.py,98,4380
scikit-learn,examples\ensemble\plot_forest_iris.py,Python,.py,152,6598
scikit-learn,examples\ensemble\plot_gradient_boosting_categorical.py,Python,.py,329,14356
scikit-learn,examples\ensemble\plot_gradient_boosting_early_stopping.py,Python,.py,152,6862
scikit-learn,examples\ensemble\plot_gradient_boosting_oob.py,Python,.py,116,5095
scikit-learn,examples\ensemble\plot_gradient_boosting_quantile.py,Python,.py,327,13970
scikit-learn,examples\ensemble\plot_gradient_boosting_regression.py,Python,.py,155,6263
scikit-learn,examples\ensemble\plot_gradient_boosting_regularization.py,Python,.py,71,2779
scikit-learn,examples\ensemble\plot_hgbt_regression.py,Python,.py,374,17133
scikit-learn,examples\ensemble\plot_isolation_forest.py,Python,.py,103,4460
scikit-learn,examples\ensemble\plot_monotonic_constraints.py,Python,.py,89,3427
scikit-learn,examples\ensemble\plot_random_forest_embedding.py,Python,.py,87,3850
scikit-learn,examples\ensemble\plot_random_forest_regression_multioutput.py,Python,.py,82,2720
scikit-learn,examples\ensemble\plot_stack_predictors.py,Python,.py,242,10546
scikit-learn,examples\ensemble\plot_voting_decision_regions.py,Python,.py,184,7456
scikit-learn,examples\ensemble\plot_voting_regressor.py,Python,.py,73,2826
scikit-learn,examples\feature_selection\plot_feature_selection.py,Python,.py,108,3991
scikit-learn,examples\feature_selection\plot_feature_selection_pipeline.py,Python,.py,68,2923
scikit-learn,examples\feature_selection\plot_f_test_vs_mi.py,Python,.py,39,1774
scikit-learn,examples\feature_selection\plot_rfe_digits.py,Python,.py,44,1911
scikit-learn,examples\feature_selection\plot_rfe_with_cross_validation.py,Python,.py,97,3735
scikit-learn,examples\feature_selection\plot_select_from_model_diabetes.py,Python,.py,169,7628
scikit-learn,examples\frozen\plot_frozen_examples.py,Python,.py,84,4027
scikit-learn,examples\gaussian_process\plot_compare_gpr_krr.py,Python,.py,360,13665
scikit-learn,examples\gaussian_process\plot_gpc.py,Python,.py,111,4116
scikit-learn,examples\gaussian_process\plot_gpc_iris.py,Python,.py,52,2154
scikit-learn,examples\gaussian_process\plot_gpc_isoprobability.py,Python,.py,74,2923
scikit-learn,examples\gaussian_process\plot_gpc_xor.py,Python,.py,50,2158
scikit-learn,examples\gaussian_process\plot_gpr_co2.py,Python,.py,195,9050
scikit-learn,examples\gaussian_process\plot_gpr_noisy.py,Python,.py,204,8212
scikit-learn,examples\gaussian_process\plot_gpr_noisy_targets.py,Python,.py,131,5283
scikit-learn,examples\gaussian_process\plot_gpr_on_structured_data.py,Python,.py,156,6298
scikit-learn,examples\gaussian_process\plot_gpr_prior_posterior.py,Python,.py,209,8660
scikit-learn,examples\impute\plot_iterative_imputer_variants_comparison.py,Python,.py,144,6376
scikit-learn,examples\impute\plot_missing_values.py,Python,.py,213,8416
scikit-learn,examples\inspection\plot_causal_interpretation.py,Python,.py,164,7488
scikit-learn,examples\inspection\plot_linear_model_coefficient_interpretation.py,Python,.py,683,28675
scikit-learn,examples\inspection\plot_partial_dependence.py,Python,.py,562,23507
scikit-learn,examples\inspection\plot_partial_dependence_visualization_api.py,Python,.py,122,5583
scikit-learn,examples\inspection\plot_permutation_importance.py,Python,.py,232,10622
scikit-learn,examples\inspection\plot_permutation_importance_multicollinear.py,Python,.py,174,8646
scikit-learn,examples\kernel_approximation\plot_scalable_poly_kernels.py,Python,.py,209,7993
scikit-learn,examples\linear_model\plot_ard.py,Python,.py,183,7333
scikit-learn,examples\linear_model\plot_bayesian_ridge_curvefit.py,Python,.py,73,3198
scikit-learn,examples\linear_model\plot_elastic_net_precomputed_gram_matrix_with_weighted_samples.py,Python,.py,42,2192
scikit-learn,examples\linear_model\plot_huber_vs_ridge.py,Python,.py,52,2159
scikit-learn,examples\linear_model\plot_lasso_and_elasticnet.py,Python,.py,211,9666
scikit-learn,examples\linear_model\plot_lasso_dense_vs_sparse_data.py,Python,.py,69,2993
scikit-learn,examples\linear_model\plot_lasso_lars_ic.py,Python,.py,94,3981
scikit-learn,examples\linear_model\plot_lasso_lasso_lars_elasticnet_path.py,Python,.py,103,4931
scikit-learn,examples\linear_model\plot_lasso_model_selection.py,Python,.py,221,9104
scikit-learn,examples\linear_model\plot_logistic_l1_l2_sparsity.py,Python,.py,66,3092
scikit-learn,examples\linear_model\plot_logistic_multinomial.py,Python,.py,170,7978
scikit-learn,examples\linear_model\plot_logistic_path.py,Python,.py,80,3060
scikit-learn,examples\linear_model\plot_multi_task_lasso_support.py,Python,.py,67,2388
scikit-learn,examples\linear_model\plot_nnls.py,Python,.py,55,2159
scikit-learn,examples\linear_model\plot_ols_ridge.py,Python,.py,133,5681
scikit-learn,examples\linear_model\plot_omp.py,Python,.py,64,2055
scikit-learn,examples\linear_model\plot_poisson_regression_non_normal_loss.py,Python,.py,513,23155
scikit-learn,examples\linear_model\plot_polynomial_interpolation.py,Python,.py,172,7986
scikit-learn,examples\linear_model\plot_quantile_regression.py,Python,.py,278,11868
scikit-learn,examples\linear_model\plot_ransac.py,Python,.py,64,2235
scikit-learn,examples\linear_model\plot_ridge_coeffs.py,Python,.py,159,8964
scikit-learn,examples\linear_model\plot_ridge_path.py,Python,.py,55,2163
scikit-learn,examples\linear_model\plot_robust_fit.py,Python,.py,94,3303
scikit-learn,examples\linear_model\plot_sgdocsvm_vs_ocsvm.py,Python,.py,177,6348
scikit-learn,examples\linear_model\plot_sgd_early_stopping.py,Python,.py,124,5919
scikit-learn,examples\linear_model\plot_sgd_iris.py,Python,.py,69,2064
scikit-learn,examples\linear_model\plot_sgd_loss_functions.py,Python,.py,44,1350
scikit-learn,examples\linear_model\plot_sgd_penalties.py,Python,.py,45,1485
scikit-learn,examples\linear_model\plot_sgd_separating_hyperplane.py,Python,.py,36,1325
scikit-learn,examples\linear_model\plot_sgd_weighted_samples.py,Python,.py,52,1731
scikit-learn,examples\linear_model\plot_sparse_logistic_regression_20newsgroups.py,Python,.py,111,4394
scikit-learn,examples\linear_model\plot_sparse_logistic_regression_mnist.py,Python,.py,68,2761
scikit-learn,examples\linear_model\plot_theilsen.py,Python,.py,105,3901
scikit-learn,examples\linear_model\plot_tweedie_regression_insurance_claims.py,Python,.py,612,24377
scikit-learn,examples\manifold\plot_compare_methods.py,Python,.py,193,7837
scikit-learn,examples\manifold\plot_lle_digits.py,Python,.py,162,6656
scikit-learn,examples\manifold\plot_manifold_sphere.py,Python,.py,152,6187
scikit-learn,examples\manifold\plot_mds.py,Python,.py,119,4051
scikit-learn,examples\manifold\plot_swissroll.py,Python,.py,102,4225
scikit-learn,examples\manifold\plot_t_sne_perplexity.py,Python,.py,118,4434
scikit-learn,examples\miscellaneous\plot_anomaly_comparison.py,Python,.py,161,7629
scikit-learn,examples\miscellaneous\plot_display_object_visualization.py,Python,.py,73,3552
scikit-learn,examples\miscellaneous\plot_estimator_representation.py,Python,.py,42,1760
scikit-learn,examples\miscellaneous\plot_isotonic_regression.py,Python,.py,57,2639
scikit-learn,examples\miscellaneous\plot_johnson_lindenstrauss_bound.py,Python,.py,177,7732
scikit-learn,examples\miscellaneous\plot_kernel_approximation.py,Python,.py,214,8838
scikit-learn,examples\miscellaneous\plot_kernel_ridge_regression.py,Python,.py,178,6853
scikit-learn,examples\miscellaneous\plot_metadata_routing.py,Python,.py,600,28015
scikit-learn,examples\miscellaneous\plot_multilabel.py,Python,.py,103,4204
scikit-learn,examples\miscellaneous\plot_multioutput_face_completion.py,Python,.py,76,2983
scikit-learn,examples\miscellaneous\plot_outlier_detection_bench.py,Python,.py,388,17348
scikit-learn,examples\miscellaneous\plot_pipeline_display.py,Python,.py,152,6389
scikit-learn,examples\miscellaneous\plot_roc_curve_visualization_api.py,Python,.py,53,2277
scikit-learn,examples\miscellaneous\plot_set_output.py,Python,.py,123,5233
scikit-learn,examples\mixture\plot_concentration_prior.py,Python,.py,142,6039
scikit-learn,examples\mixture\plot_gmm.py,Python,.py,77,3379
scikit-learn,examples\mixture\plot_gmm_covariances.py,Python,.py,106,4742
scikit-learn,examples\mixture\plot_gmm_init.py,Python,.py,82,3744
scikit-learn,examples\mixture\plot_gmm_pdf.py,Python,.py,42,1655
scikit-learn,examples\mixture\plot_gmm_selection.py,Python,.py,147,5743
scikit-learn,examples\mixture\plot_gmm_sin.py,Python,.py,160,6352
scikit-learn,examples\model_selection\plot_confusion_matrix.py,Python,.py,101,4036
scikit-learn,examples\model_selection\plot_cost_sensitive_learning.py,Python,.py,614,30500
scikit-learn,examples\model_selection\plot_cv_indices.py,Python,.py,186,6482
scikit-learn,examples\model_selection\plot_cv_predict.py,Python,.py,72,2713
scikit-learn,examples\model_selection\plot_det.py,Python,.py,144,6009
scikit-learn,examples\model_selection\plot_grid_search_digits.py,Python,.py,174,7613
scikit-learn,examples\model_selection\plot_grid_search_refit_callable.py,Python,.py,337,11756
scikit-learn,examples\model_selection\plot_grid_search_stats.py,Python,.py,492,23637
scikit-learn,examples\model_selection\plot_grid_search_text_feature_extraction.py,Python,.py,224,9361
scikit-learn,examples\model_selection\plot_learning_curve.py,Python,.py,165,7099
scikit-learn,examples\model_selection\plot_likelihood_ratios.py,Python,.py,272,12338
scikit-learn,examples\model_selection\plot_multi_metric_evaluation.py,Python,.py,95,3829
scikit-learn,examples\model_selection\plot_nested_cross_validation_iris.py,Python,.py,105,4671
scikit-learn,examples\model_selection\plot_permutation_tests_for_classification.py,Python,.py,122,5597
scikit-learn,examples\model_selection\plot_precision_recall.py,Python,.py,253,11810
scikit-learn,examples\model_selection\plot_randomized_search.py,Python,.py,207,9773
scikit-learn,examples\model_selection\plot_roc.py,Python,.py,387,15884
scikit-learn,examples\model_selection\plot_roc_crossval.py,Python,.py,119,4787
scikit-learn,examples\model_selection\plot_successive_halving_heatmap.py,Python,.py,106,4490
scikit-learn,examples\model_selection\plot_successive_halving_iterations.py,Python,.py,72,2946
scikit-learn,examples\model_selection\plot_train_error_vs_test_error.py,Python,.py,148,6390
scikit-learn,examples\model_selection\plot_tuned_decision_threshold.py,Python,.py,168,7764
scikit-learn,examples\model_selection\plot_underfitting_overfitting.py,Python,.py,68,2953
scikit-learn,examples\multiclass\plot_multiclass_overview.py,Python,.py,182,8456
scikit-learn,examples\multioutput\plot_classifier_chain_yeast.py,Python,.py,131,6172
scikit-learn,examples\neighbors\approximate_nearest_neighbors.py,Python,.py,274,11663
scikit-learn,examples\neighbors\plot_caching_nearest_neighbors.py,Python,.py,58,2779
scikit-learn,examples\neighbors\plot_classification.py,Python,.py,89,3433
scikit-learn,examples\neighbors\plot_digits_kde_sampling.py,Python,.py,52,2137
scikit-learn,examples\neighbors\plot_kde_1d.py,Python,.py,125,5406
scikit-learn,examples\neighbors\plot_lof_novelty_detection.py,Python,.py,81,3807
scikit-learn,examples\neighbors\plot_lof_outlier_detection.py,Python,.py,77,3272
scikit-learn,examples\neighbors\plot_nca_classification.py,Python,.py,75,2725
scikit-learn,examples\neighbors\plot_nca_dim_reduction.py,Python,.py,74,3715
scikit-learn,examples\neighbors\plot_nca_illustration.py,Python,.py,81,3158
scikit-learn,examples\neighbors\plot_nearest_centroid.py,Python,.py,41,1496
scikit-learn,examples\neighbors\plot_regression.py,Python,.py,42,1591
scikit-learn,examples\neighbors\plot_species_kde.py,Python,.py,120,4906
scikit-learn,examples\neural_networks\plot_mlp_alpha.py,Python,.py,127,4775
scikit-learn,examples\neural_networks\plot_mlp_training_curves.py,Python,.py,124,4291
scikit-learn,examples\neural_networks\plot_mnist_filters.py,Python,.py,59,2853
scikit-learn,examples\neural_networks\plot_rbm_logistic_classification.py,Python,.py,114,4418
scikit-learn,examples\preprocessing\plot_all_scaling.py,Python,.py,355,15123
scikit-learn,examples\preprocessing\plot_discretization.py,Python,.py,80,3497
scikit-learn,examples\preprocessing\plot_discretization_classification.py,Python,.py,203,7979
scikit-learn,examples\preprocessing\plot_discretization_strategies.py,Python,.py,89,3305
scikit-learn,examples\preprocessing\plot_map_data_to_normal.py,Python,.py,111,4726
scikit-learn,examples\preprocessing\plot_scaling_importance.py,Python,.py,231,10560
scikit-learn,examples\preprocessing\plot_target_encoder.py,Python,.py,200,8402
scikit-learn,examples\preprocessing\plot_target_encoder_cross_val.py,Python,.py,169,7565
scikit-learn,examples\release_highlights\plot_release_highlights_0_22_0.py,Python,.py,251,11767
scikit-learn,examples\release_highlights\plot_release_highlights_0_23_0.py,Python,.py,163,8012
scikit-learn,examples\release_highlights\plot_release_highlights_0_24_0.py,Python,.py,228,11813
scikit-learn,examples\release_highlights\plot_release_highlights_1_0_0.py,Python,.py,219,10699
scikit-learn,examples\release_highlights\plot_release_highlights_1_1_0.py,Python,.py,204,9222
scikit-learn,examples\release_highlights\plot_release_highlights_1_2_0.py,Python,.py,142,6561
scikit-learn,examples\release_highlights\plot_release_highlights_1_3_0.py,Python,.py,133,6639
scikit-learn,examples\release_highlights\plot_release_highlights_1_4_0.py,Python,.py,195,8102
scikit-learn,examples\release_highlights\plot_release_highlights_1_5_0.py,Python,.py,183,8757
scikit-learn,examples\release_highlights\plot_release_highlights_1_6_0.py,Python,.py,189,9440
scikit-learn,examples\release_highlights\plot_release_highlights_1_7_0.py,Python,.py,93,4937
scikit-learn,examples\release_highlights\plot_release_highlights_1_8_0.py,Python,.py,250,11572
scikit-learn,examples\release_highlights\plot_release_highlights_1_9_0.py,Python,.py,154,11133
scikit-learn,examples\semi_supervised\plot_label_propagation_digits.py,Python,.py,92,3315
scikit-learn,examples\semi_supervised\plot_label_propagation_digits_active_learning.py,Python,.py,99,4356
scikit-learn,examples\semi_supervised\plot_label_propagation_structure.py,Python,.py,92,2816
scikit-learn,examples\semi_supervised\plot_self_training_varying_threshold.py,Python,.py,97,4209
scikit-learn,examples\semi_supervised\plot_semi_supervised_newsgroups.py,Python,.py,173,7127
scikit-learn,examples\semi_supervised\plot_semi_supervised_versus_svm_iris.py,Python,.py,160,7470
scikit-learn,examples\svm\plot_custom_kernel.py,Python,.py,53,1581
scikit-learn,examples\svm\plot_iris_svc.py,Python,.py,87,3599
scikit-learn,examples\svm\plot_linearsvc_support_vectors.py,Python,.py,53,1949
scikit-learn,examples\svm\plot_oneclass.py,Python,.py,92,2989
scikit-learn,examples\svm\plot_rbf_parameters.py,Python,.py,182,8558
scikit-learn,examples\svm\plot_separating_hyperplane.py,Python,.py,42,1245
scikit-learn,examples\svm\plot_separating_hyperplane_unbalanced.py,Python,.py,77,2504
scikit-learn,examples\svm\plot_svm_anova.py,Python,.py,56,2247
scikit-learn,examples\svm\plot_svm_kernels.py,Python,.py,276,13022
scikit-learn,examples\svm\plot_svm_margin.py,Python,.py,76,2559
scikit-learn,examples\svm\plot_svm_regression.py,Python,.py,67,2207
scikit-learn,examples\svm\plot_svm_scale_c.py,Python,.py,170,7684
scikit-learn,examples\svm\plot_svm_tie_breaking.py,Python,.py,51,2240
scikit-learn,examples\svm\plot_weighted_samples.py,Python,.py,74,2736
scikit-learn,examples\text\plot_document_classification_20newsgroups.py,Python,.py,378,16891
scikit-learn,examples\text\plot_document_clustering.py,Python,.py,386,17962
scikit-learn,examples\text\plot_hashing_vs_dict_vectorizer.py,Python,.py,319,15434
scikit-learn,examples\tree\plot_cost_complexity_pruning.py,Python,.py,96,4794
scikit-learn,examples\tree\plot_iris_dtc.py,Python,.py,68,2574
scikit-learn,examples\tree\plot_tree_regression.py,Python,.py,129,4605
scikit-learn,examples\tree\plot_unveil_tree_structure.py,Python,.py,211,10219
scikit-learn,maint_tools\bump-dependencies-versions.py,Python,.py,159,5981
scikit-learn,maint_tools\check_xfailed_checks.py,Python,.py,33,1635
scikit-learn,maint_tools\update_tracking_issue.py,Python,.py,158,6394
scikit-learn,maint_tools\vendor_array_api_compat.sh,Shell,.sh,18,611
scikit-learn,maint_tools\vendor_array_api_extra.sh,Shell,.sh,18,609
scikit-learn,sklearn\base.py,Python,.py,1169,50613
scikit-learn,sklearn\calibration.py,Python,.py,1450,64462
scikit-learn,sklearn\conftest.py,Python,.py,416,19071
scikit-learn,sklearn\discriminant_analysis.py,Python,.py,1013,46471
scikit-learn,sklearn\dummy.py,Python,.py,568,25090
scikit-learn,sklearn\exceptions.py,Python,.py,187,7952
scikit-learn,sklearn\isotonic.py,Python,.py,414,17902
scikit-learn,sklearn\kernel_approximation.py,Python,.py,927,41941
scikit-learn,sklearn\kernel_ridge.py,Python,.py,202,9507
scikit-learn,sklearn\multiclass.py,Python,.py,1063,45800
scikit-learn,sklearn\multioutput.py,Python,.py,1017,44819
scikit-learn,sklearn\naive_bayes.py,Python,.py,1271,58805
scikit-learn,sklearn\pipeline.py,Python,.py,1897,91058
scikit-learn,sklearn\random_projection.py,Python,.py,646,29412
scikit-learn,sklearn\_config.py,Python,.py,340,16534
scikit-learn,sklearn\_distributor_init.py,Python,.py,9,437
scikit-learn,sklearn\_min_dependencies.py,Python,.py,66,2987
scikit-learn,sklearn\__init__.py,Python,.py,130,4675
scikit-learn,sklearn\callback\_base.py,Python,.py,106,4467
scikit-learn,sklearn\callback\_callback_context.py,Python,.py,473,22735
scikit-learn,sklearn\callback\_callback_support.py,Python,.py,170,7814
scikit-learn,sklearn\callback\_progressbar.py,Python,.py,252,12118
scikit-learn,sklearn\callback\_scoring_monitor.py,Python,.py,241,11855
scikit-learn,sklearn\callback\_transport.py,Python,.py,150,7884
scikit-learn,sklearn\callback\__init__.py,Python,.py,21,785
scikit-learn,sklearn\callback\tests\conftest.py,Python,.py,4,185
scikit-learn,sklearn\callback\tests\test_callback_context.py,Python,.py,401,19531
scikit-learn,sklearn\callback\tests\test_callback_support.py,Python,.py,129,6454
scikit-learn,sklearn\callback\tests\test_pickle.py,Python,.py,161,8074
scikit-learn,sklearn\callback\tests\test_progressbar.py,Python,.py,177,8158
scikit-learn,sklearn\callback\tests\test_scoring_monitor.py,Python,.py,341,14670
scikit-learn,sklearn\callback\tests\__init__.py,Python,.py,0,0
scikit-learn,sklearn\callback\tests\_common\callbacks.py,Python,.py,134,5713
scikit-learn,sklearn\callback\tests\_common\estimators.py,Python,.py,211,9763
scikit-learn,sklearn\callback\tests\_common\__init__.py,Python,.py,2,81
scikit-learn,sklearn\cluster\_affinity_propagation.py,Python,.py,503,21359
scikit-learn,sklearn\cluster\_agglomerative.py,Python,.py,1104,50825
scikit-learn,sklearn\cluster\_bicluster.py,Python,.py,515,22756
scikit-learn,sklearn\cluster\_birch.py,Python,.py,605,26792
scikit-learn,sklearn\cluster\_bisect_k_means.py,Python,.py,435,20153
scikit-learn,sklearn\cluster\_dbscan.py,Python,.py,427,21247
scikit-learn,sklearn\cluster\_feature_agglomeration.py,Python,.py,62,2515
scikit-learn,sklearn\cluster\_kmeans.py,Python,.py,1911,84851
scikit-learn,sklearn\cluster\_mean_shift.py,Python,.py,472,20908
scikit-learn,sklearn\cluster\_optics.py,Python,.py,1024,46363
scikit-learn,sklearn\cluster\_spectral.py,Python,.py,663,31820
scikit-learn,sklearn\cluster\__init__.py,Python,.py,61,1739
scikit-learn,sklearn\cluster\tests\common.py,Python,.py,30,917
scikit-learn,sklearn\cluster\tests\test_affinity_propagation.py,Python,.py,251,12219
scikit-learn,sklearn\cluster\tests\test_bicluster.py,Python,.py,220,9419
scikit-learn,sklearn\cluster\tests\test_birch.py,Python,.py,194,8848
scikit-learn,sklearn\cluster\tests\test_bisect_k_means.py,Python,.py,122,5740
scikit-learn,sklearn\cluster\tests\test_dbscan.py,Python,.py,378,17561
scikit-learn,sklearn\cluster\tests\test_feature_agglomeration.py,Python,.py,43,2020
scikit-learn,sklearn\cluster\tests\test_hdbscan.py,Python,.py,504,20941
scikit-learn,sklearn\cluster\tests\test_hierarchical.py,Python,.py,774,34062
scikit-learn,sklearn\cluster\tests\test_k_means.py,Python,.py,1122,50573
scikit-learn,sklearn\cluster\tests\test_mean_shift.py,Python,.py,172,7414
scikit-learn,sklearn\cluster\tests\test_optics.py,Python,.py,779,26318
scikit-learn,sklearn\cluster\tests\test_spectral.py,Python,.py,275,12164
scikit-learn,sklearn\cluster\tests\__init__.py,Python,.py,0,0
scikit-learn,sklearn\cluster\_hdbscan\hdbscan.py,Python,.py,877,42806
scikit-learn,sklearn\cluster\_hdbscan\__init__.py,Python,.py,2,81
scikit-learn,sklearn\cluster\_hdbscan\tests\test_reachibility.py,Python,.py,48,2128
scikit-learn,sklearn\cluster\_hdbscan\tests\__init__.py,Python,.py,0,0
scikit-learn,sklearn\compose\_column_transformer.py,Python,.py,1302,62043
scikit-learn,sklearn\compose\_target.py,Python,.py,344,15663
scikit-learn,sklearn\compose\__init__.py,Python,.py,19,684
scikit-learn,sklearn\compose\tests\test_column_transformer.py,Python,.py,2469,101453
scikit-learn,sklearn\compose\tests\test_target.py,Python,.py,365,15705
scikit-learn,sklearn\compose\tests\__init__.py,Python,.py,0,0
scikit-learn,sklearn\covariance\_elliptic_envelope.py,Python,.py,215,9363
scikit-learn,sklearn\covariance\_empirical_covariance.py,Python,.py,341,14381
scikit-learn,sklearn\covariance\_graph_lasso.py,Python,.py,974,41944
scikit-learn,sklearn\covariance\_robust_covariance.py,Python,.py,802,37354
scikit-learn,sklearn\covariance\_shrunk_covariance.py,Python,.py,692,30225
scikit-learn,sklearn\covariance\__init__.py,Python,.py,46,1328
scikit-learn,sklearn\covariance\tests\test_covariance.py,Python,.py,494,23017
scikit-learn,sklearn\covariance\tests\test_elliptic_envelope.py,Python,.py,45,1639
scikit-learn,sklearn\covariance\tests\test_graphical_lasso.py,Python,.py,287,11785
scikit-learn,sklearn\covariance\tests\test_robust_covariance.py,Python,.py,168,7720
scikit-learn,sklearn\covariance\tests\__init__.py,Python,.py,0,0
scikit-learn,sklearn\cross_decomposition\_pls.py,Python,.py,892,38106
scikit-learn,sklearn\cross_decomposition\__init__.py,Python,.py,5,279
scikit-learn,sklearn\cross_decomposition\tests\test_pls.py,Python,.py,546,24279
scikit-learn,sklearn\cross_decomposition\tests\__init__.py,Python,.py,0,0
scikit-learn,sklearn\datasets\_arff_parser.py,Python,.py,460,19895
scikit-learn,sklearn\datasets\_base.py,Python,.py,1354,55775
scikit-learn,sklearn\datasets\_california_housing.py,Python,.py,194,7483
scikit-learn,sklearn\datasets\_covtype.py,Python,.py,209,8370
scikit-learn,sklearn\datasets\_kddcup99.py,Python,.py,352,14291
scikit-learn,sklearn\datasets\_lfw.py,Python,.py,544,23335
scikit-learn,sklearn\datasets\_olivetti_faces.py,Python,.py,152,6259
scikit-learn,sklearn\datasets\_openml.py,Python,.py,1009,44210
scikit-learn,sklearn\datasets\_rcv1.py,Python,.py,285,12396
scikit-learn,sklearn\datasets\_samples_generator.py,Python,.py,1948,79603
scikit-learn,sklearn\datasets\_species_distributions.py,Python,.py,230,9669
scikit-learn,sklearn\datasets\_svmlight_format_io.py,Python,.py,499,21560
scikit-learn,sklearn\datasets\_twenty_newsgroups.py,Python,.py,515,21492
scikit-learn,sklearn\datasets\__init__.py,Python,.py,151,5560
scikit-learn,sklearn\datasets\data\__init__.py,Python,.py,2,81
scikit-learn,sklearn\datasets\descr\__init__.py,Python,.py,2,81
scikit-learn,sklearn\datasets\images\__init__.py,Python,.py,2,81
scikit-learn,sklearn\datasets\tests\test_20news.py,Python,.py,114,5483
scikit-learn,sklearn\datasets\tests\test_arff_parser.py,Python,.py,287,9938
scikit-learn,sklearn\datasets\tests\test_base.py,Python,.py,600,25864
scikit-learn,sklearn\datasets\tests\test_california_housing.py,Python,.py,28,1407
scikit-learn,sklearn\datasets\tests\test_common.py,Python,.py,108,4528
scikit-learn,sklearn\datasets\tests\test_covtype.py,Python,.py,38,1812
scikit-learn,sklearn\datasets\tests\test_kddcup99.py,Python,.py,70,2690
scikit-learn,sklearn\datasets\tests\test_lfw.py,Python,.py,184,8027
scikit-learn,sklearn\datasets\tests\test_olivetti_faces.py,Python,.py,19,945
scikit-learn,sklearn\datasets\tests\test_openml.py,Python,.py,1478,58567
scikit-learn,sklearn\datasets\tests\test_rcv1.py,Python,.py,55,2414
scikit-learn,sklearn\datasets\tests\test_samples_generator.py,Python,.py,620,24719
scikit-learn,sklearn\datasets\tests\test_svmlight_format.py,Python,.py,492,20835
scikit-learn,sklearn\datasets\tests\__init__.py,Python,.py,0,0
scikit-learn,sklearn\datasets\tests\data\__init__.py,Python,.py,0,0
scikit-learn,sklearn\datasets\tests\data\openml\__init__.py,Python,.py,0,0
scikit-learn,sklearn\datasets\tests\data\openml\id_1\__init__.py,Python,.py,0,0
scikit-learn,sklearn\datasets\tests\data\openml\id_1119\__init__.py,Python,.py,0,0
scikit-learn,sklearn\datasets\tests\data\openml\id_1590\__init__.py,Python,.py,0,0
scikit-learn,sklearn\datasets\tests\data\openml\id_2\__init__.py,Python,.py,0,0
scikit-learn,sklearn\datasets\tests\data\openml\id_292\__init__.py,Python,.py,0,0
scikit-learn,sklearn\datasets\tests\data\openml\id_3\__init__.py,Python,.py,0,0
scikit-learn,sklearn\datasets\tests\data\openml\id_40589\__init__.py,Python,.py,0,0
scikit-learn,sklearn\datasets\tests\data\openml\id_40675\__init__.py,Python,.py,0,0
scikit-learn,sklearn\datasets\tests\data\openml\id_40945\__init__.py,Python,.py,0,0
scikit-learn,sklearn\datasets\tests\data\openml\id_40966\__init__.py,Python,.py,0,0
scikit-learn,sklearn\datasets\tests\data\openml\id_42074\__init__.py,Python,.py,0,0
scikit-learn,sklearn\datasets\tests\data\openml\id_42585\__init__.py,Python,.py,0,0
scikit-learn,sklearn\datasets\tests\data\openml\id_561\__init__.py,Python,.py,0,0
scikit-learn,sklearn\datasets\tests\data\openml\id_61\__init__.py,Python,.py,0,0
scikit-learn,sklearn\datasets\tests\data\openml\id_62\__init__.py,Python,.py,0,0
scikit-learn,sklearn\decomposition\_base.py,Python,.py,180,7702
scikit-learn,sklearn\decomposition\_dict_learning.py,Python,.py,1919,81034
scikit-learn,sklearn\decomposition\_factor_analysis.py,Python,.py,369,15738
scikit-learn,sklearn\decomposition\_fastica.py,Python,.py,657,27380
scikit-learn,sklearn\decomposition\_incremental_pca.py,Python,.py,353,16756
scikit-learn,sklearn\decomposition\_kernel_pca.py,Python,.py,483,23230
scikit-learn,sklearn\decomposition\_lda.py,Python,.py,774,35171
scikit-learn,sklearn\decomposition\_nmf.py,Python,.py,1923,84039
scikit-learn,sklearn\decomposition\_pca.py,Python,.py,694,34244
scikit-learn,sklearn\decomposition\_sparse_pca.py,Python,.py,447,18537
scikit-learn,sklearn\decomposition\_truncated_svd.py,Python,.py,265,12070
scikit-learn,sklearn\decomposition\__init__.py,Python,.py,46,1574
scikit-learn,sklearn\decomposition\tests\test_dict_learning.py,Python,.py,869,32562
scikit-learn,sklearn\decomposition\tests\test_factor_analysis.py,Python,.py,89,4141
scikit-learn,sklearn\decomposition\tests\test_fastica.py,Python,.py,381,16373
scikit-learn,sklearn\decomposition\tests\test_incremental_pca.py,Python,.py,393,17384
scikit-learn,sklearn\decomposition\tests\test_kernel_pca.py,Python,.py,451,21589
scikit-learn,sklearn\decomposition\tests\test_nmf.py,Python,.py,869,33833
scikit-learn,sklearn\decomposition\tests\test_online_lda.py,Python,.py,417,16797
scikit-learn,sklearn\decomposition\tests\test_pca.py,Python,.py,945,42745
scikit-learn,sklearn\decomposition\tests\test_sparse_pca.py,Python,.py,290,12566
scikit-learn,sklearn\decomposition\tests\test_truncated_svd.py,Python,.py,176,7769
scikit-learn,sklearn\decomposition\tests\__init__.py,Python,.py,0,0
scikit-learn,sklearn\ensemble\_bagging.py,Python,.py,1197,54384
scikit-learn,sklearn\ensemble\_base.py,Python,.py,254,10917
scikit-learn,sklearn\ensemble\_bootstrap.py,Python,.py,57,2658
scikit-learn,sklearn\ensemble\_forest.py,Python,.py,2555,122995
scikit-learn,sklearn\ensemble\_gb.py,Python,.py,1866,88598
scikit-learn,sklearn\ensemble\_iforest.py,Python,.py,552,25197
scikit-learn,sklearn\ensemble\_stacking.py,Python,.py,956,44649
scikit-learn,sklearn\ensemble\_voting.py,Python,.py,597,25960
scikit-learn,sklearn\ensemble\_weight_boosting.py,Python,.py,895,40870
scikit-learn,sklearn\ensemble\__init__.py,Python,.py,42,1563
scikit-learn,sklearn\ensemble\tests\test_bagging.py,Python,.py,963,40073
scikit-learn,sklearn\ensemble\tests\test_base.py,Python,.py,87,3776
scikit-learn,sklearn\ensemble\tests\test_bootstrap.py,Python,.py,67,3123
scikit-learn,sklearn\ensemble\tests\test_common.py,Python,.py,239,9454
scikit-learn,sklearn\ensemble\tests\test_forest.py,Python,.py,1584,68634
scikit-learn,sklearn\ensemble\tests\test_gradient_boosting.py,Python,.py,1372,59635
scikit-learn,sklearn\ensemble\tests\test_iforest.py,Python,.py,309,14032
scikit-learn,sklearn\ensemble\tests\test_stacking.py,Python,.py,886,34416
scikit-learn,sklearn\ensemble\tests\test_voting.py,Python,.py,670,28065
scikit-learn,sklearn\ensemble\tests\test_weight_boosting.py,Python,.py,474,21312
scikit-learn,sklearn\ensemble\tests\__init__.py,Python,.py,0,0
scikit-learn,sklearn\ensemble\_hist_gradient_boosting\binning.py,Python,.py,338,16850
scikit-learn,sklearn\ensemble\_hist_gradient_boosting\gradient_boosting.py,Python,.py,1963,94915
scikit-learn,sklearn\ensemble\_hist_gradient_boosting\grower.py,Python,.py,731,33669
scikit-learn,sklearn\ensemble\_hist_gradient_boosting\predictor.py,Python,.py,126,5271
scikit-learn,sklearn\ensemble\_hist_gradient_boosting\utils.py,Python,.py,126,5720
scikit-learn,sklearn\ensemble\_hist_gradient_boosting\__init__.py,Python,.py,6,254
scikit-learn,sklearn\ensemble\_hist_gradient_boosting\tests\test_binning.py,Python,.py,469,20997
scikit-learn,sklearn\ensemble\_hist_gradient_boosting\tests\test_compare_lightgbm.py,Python,.py,237,10388
scikit-learn,sklearn\ensemble\_hist_gradient_boosting\tests\test_gradient_boosting.py,Python,.py,1489,65387
scikit-learn,sklearn\ensemble\_hist_gradient_boosting\tests\test_grower.py,Python,.py,536,23803
scikit-learn,sklearn\ensemble\_hist_gradient_boosting\tests\test_histogram.py,Python,.py,210,8920
scikit-learn,sklearn\ensemble\_hist_gradient_boosting\tests\test_monotonic_constraints.py,Python,.py,381,17383
scikit-learn,sklearn\ensemble\_hist_gradient_boosting\tests\test_predictor.py,Python,.py,152,6506
scikit-learn,sklearn\ensemble\_hist_gradient_boosting\tests\test_splitting.py,Python,.py,972,39709
scikit-learn,sklearn\ensemble\_hist_gradient_boosting\tests\test_warm_start.py,Python,.py,196,8164
scikit-learn,sklearn\ensemble\_hist_gradient_boosting\tests\__init__.py,Python,.py,0,0
scikit-learn,sklearn\experimental\enable_halving_search_cv.py,Python,.py,26,1338
scikit-learn,sklearn\experimental\enable_hist_gradient_boosting.py,Python,.py,19,852
scikit-learn,sklearn\experimental\enable_iterative_imputer.py,Python,.py,17,779
scikit-learn,sklearn\experimental\__init__.py,Python,.py,7,315
scikit-learn,sklearn\experimental\tests\test_enable_hist_gradient_boosting.py,Python,.py,18,775
scikit-learn,sklearn\experimental\tests\test_enable_iterative_imputer.py,Python,.py,14,681
scikit-learn,sklearn\experimental\tests\test_enable_successive_halving.py,Python,.py,43,1949
scikit-learn,sklearn\experimental\tests\__init__.py,Python,.py,0,0
scikit-learn,sklearn\externals\conftest.py,Python,.py,6,318
scikit-learn,sklearn\externals\_arff.py,Python,.py,890,39476
scikit-learn,sklearn\externals\_array_api_compat_vendor.py,Python,.py,4,203
scikit-learn,sklearn\externals\__init__.py,Python,.py,3,47
scikit-learn,sklearn\externals\array_api_compat\_internal.py,Python,.py,55,2149
scikit-learn,sklearn\externals\array_api_compat\__init__.py,Python,.py,17,1008
scikit-learn,sklearn\externals\array_api_compat\common\_aliases.py,Python,.py,580,19690
scikit-learn,sklearn\externals\array_api_compat\common\_fft.py,Python,.py,193,4882
scikit-learn,sklearn\externals\array_api_compat\common\_helpers.py,Python,.py,890,34433
scikit-learn,sklearn\externals\array_api_compat\common\_linalg.py,Python,.py,201,7116
scikit-learn,sklearn\externals\array_api_compat\common\_typing.py,Python,.py,145,4687
scikit-learn,sklearn\externals\array_api_compat\common\__init__.py,Python,.py,1,39
scikit-learn,sklearn\externals\array_api_compat\cupy\fft.py,Python,.py,29,908
scikit-learn,sklearn\externals\array_api_compat\cupy\linalg.py,Python,.py,50,1907
scikit-learn,sklearn\externals\array_api_compat\cupy\_aliases.py,Python,.py,172,6608
scikit-learn,sklearn\externals\array_api_compat\cupy\_info.py,Python,.py,290,10466
scikit-learn,sklearn\externals\array_api_compat\cupy\_typing.py,Python,.py,26,637
scikit-learn,sklearn\externals\array_api_compat\cupy\__init__.py,Python,.py,18,768
scikit-learn,sklearn\externals\array_api_compat\dask\__init__.py,Python,.py,0,0
scikit-learn,sklearn\externals\array_api_compat\dask\array\fft.py,Python,.py,10,349
scikit-learn,sklearn\externals\array_api_compat\dask\array\linalg.py,Python,.py,51,2204
scikit-learn,sklearn\externals\array_api_compat\dask\array\_aliases.py,Python,.py,309,10801
scikit-learn,sklearn\externals\array_api_compat\dask\array\_info.py,Python,.py,351,12649
scikit-learn,sklearn\externals\array_api_compat\dask\array\__init__.py,Python,.py,19,711
scikit-learn,sklearn\externals\array_api_compat\numpy\fft.py,Python,.py,22,744
scikit-learn,sklearn\externals\array_api_compat\numpy\linalg.py,Python,.py,178,6725
scikit-learn,sklearn\externals\array_api_compat\numpy\_aliases.py,Python,.py,160,5857
scikit-learn,sklearn\externals\array_api_compat\numpy\_info.py,Python,.py,313,11162
scikit-learn,sklearn\externals\array_api_compat\numpy\_typing.py,Python,.py,21,634
scikit-learn,sklearn\externals\array_api_compat\numpy\__init__.py,Python,.py,27,1087
scikit-learn,sklearn\externals\array_api_compat\torch\fft.py,Python,.py,68,1985
scikit-learn,sklearn\externals\array_api_compat\torch\linalg.py,Python,.py,95,4674
scikit-learn,sklearn\externals\array_api_compat\torch\_aliases.py,Python,.py,817,34763
scikit-learn,sklearn\externals\array_api_compat\torch\_info.py,Python,.py,319,12265
scikit-learn,sklearn\externals\array_api_compat\torch\_typing.py,Python,.py,2,111
scikit-learn,sklearn\externals\array_api_compat\torch\__init__.py,Python,.py,18,666
scikit-learn,sklearn\externals\array_api_extra\_at.py,Python,.py,380,16023
scikit-learn,sklearn\externals\array_api_extra\_creation.py,Python,.py,124,4727
scikit-learn,sklearn\externals\array_api_extra\_elementwise.py,Python,.py,307,13201
scikit-learn,sklearn\externals\array_api_extra\_indexing.py,Python,.py,227,8529
scikit-learn,sklearn\externals\array_api_extra\_lazy.py,Python,.py,278,13726
scikit-learn,sklearn\externals\array_api_extra\_linalg.py,Python,.py,81,3147
scikit-learn,sklearn\externals\array_api_extra\_manipulation.py,Python,.py,238,9259
scikit-learn,sklearn\externals\array_api_extra\_searching.py,Python,.py,72,3251
scikit-learn,sklearn\externals\array_api_extra\_set.py,Python,.py,175,6500
scikit-learn,sklearn\externals\array_api_extra\_sorting.py,Python,.py,172,6844
scikit-learn,sklearn\externals\array_api_extra\_statistical.py,Python,.py,362,15106
scikit-learn,sklearn\externals\array_api_extra\__init__.py,Python,.py,53,1412
scikit-learn,sklearn\externals\array_api_extra\testing\_testing.py,Python,.py,867,38425
scikit-learn,sklearn\externals\array_api_extra\testing\__init__.py,Python,.py,17,359
scikit-learn,sklearn\externals\array_api_extra\_agnostic\_creation.py,Python,.py,36,1534
scikit-learn,sklearn\externals\array_api_extra\_agnostic\_elementwise.py,Python,.py,298,11635
scikit-learn,sklearn\externals\array_api_extra\_agnostic\_indexing.py,Python,.py,56,2061
scikit-learn,sklearn\externals\array_api_extra\_agnostic\_inspection.py,Python,.py,37,1524
scikit-learn,sklearn\externals\array_api_extra\_agnostic\_linalg.py,Python,.py,35,1497
scikit-learn,sklearn\externals\array_api_extra\_agnostic\_manipulation.py,Python,.py,79,3163
scikit-learn,sklearn\externals\array_api_extra\_agnostic\_searching.py,Python,.py,34,1392
scikit-learn,sklearn\externals\array_api_extra\_agnostic\_set.py,Python,.py,73,2881
scikit-learn,sklearn\externals\array_api_extra\_agnostic\_sorting.py,Python,.py,23,710
scikit-learn,sklearn\externals\array_api_extra\_agnostic\_statistical.py,Python,.py,161,5729
scikit-learn,sklearn\externals\array_api_extra\_agnostic\__init__.py,Python,.py,25,438
scikit-learn,sklearn\externals\array_api_extra\_lib\_backends.py,Python,.py,58,2243
scikit-learn,sklearn\externals\array_api_extra\_lib\_compat.py,Python,.py,72,1877
scikit-learn,sklearn\externals\array_api_extra\_lib\_helpers.py,Python,.py,508,20661
scikit-learn,sklearn\externals\array_api_extra\_lib\_testing.py,Python,.py,27,1056
scikit-learn,sklearn\externals\array_api_extra\_lib\_typing.py,Python,.py,33,756
scikit-learn,sklearn\externals\array_api_extra\_lib\__init__.py,Python,.py,1,37
scikit-learn,sklearn\externals\_numpydoc\docscrape.py,Python,.py,634,24449
scikit-learn,sklearn\externals\_packaging\version.py,Python,.py,417,16668
scikit-learn,sklearn\externals\_packaging\_structures.py,Python,.py,62,3012
scikit-learn,sklearn\externals\_packaging\__init__.py,Python,.py,0,0
scikit-learn,sklearn\externals\_scipy\__init__.py,Python,.py,0,0
scikit-learn,sklearn\externals\_scipy\sparse\__init__.py,Python,.py,0,0
scikit-learn,sklearn\externals\_scipy\sparse\csgraph\_laplacian.py,Python,.py,455,18751
scikit-learn,sklearn\externals\_scipy\sparse\csgraph\__init__.py,Python,.py,1,35
scikit-learn,sklearn\feature_extraction\image.py,Python,.py,585,24372
scikit-learn,sklearn\feature_extraction\text.py,Python,.py,1787,79590
scikit-learn,sklearn\feature_extraction\_dict_vectorizer.py,Python,.py,377,16522
scikit-learn,sklearn\feature_extraction\_hash.py,Python,.py,172,8117
scikit-learn,sklearn\feature_extraction\_stop_words.py,Python,.py,327,6053
scikit-learn,sklearn\feature_extraction\__init__.py,Python,.py,15,517
scikit-learn,sklearn\feature_extraction\tests\test_dict_vectorizer.py,Python,.py,201,8517
scikit-learn,sklearn\feature_extraction\tests\test_feature_hasher.py,Python,.py,132,5910
scikit-learn,sklearn\feature_extraction\tests\test_image.py,Python,.py,301,13565
scikit-learn,sklearn\feature_extraction\tests\test_text.py,Python,.py,1357,55028
scikit-learn,sklearn\feature_extraction\tests\__init__.py,Python,.py,0,0
scikit-learn,sklearn\feature_selection\_base.py,Python,.py,237,10074
scikit-learn,sklearn\feature_selection\_from_model.py,Python,.py,435,19603
scikit-learn,sklearn\feature_selection\_mutual_info.py,Python,.py,485,20596
scikit-learn,sklearn\feature_selection\_rfe.py,Python,.py,837,38193
scikit-learn,sklearn\feature_selection\_sequential.py,Python,.py,307,14343
scikit-learn,sklearn\feature_selection\_univariate_selection.py,Python,.py,934,41967
scikit-learn,sklearn\feature_selection\_variance_threshold.py,Python,.py,111,4829
scikit-learn,sklearn\feature_selection\__init__.py,Python,.py,49,1369
scikit-learn,sklearn\feature_selection\tests\test_base.py,Python,.py,117,4986
scikit-learn,sklearn\feature_selection\tests\test_chi2.py,Python,.py,72,3232
scikit-learn,sklearn\feature_selection\tests\test_feature_select.py,Python,.py,877,33525
scikit-learn,sklearn\feature_selection\tests\test_from_model.py,Python,.py,564,24277
scikit-learn,sklearn\feature_selection\tests\test_mutual_info.py,Python,.py,213,10122
scikit-learn,sklearn\feature_selection\tests\test_rfe.py,Python,.py,619,26773
scikit-learn,sklearn\feature_selection\tests\test_sequential.py,Python,.py,263,11238
scikit-learn,sklearn\feature_selection\tests\test_variance_threshold.py,Python,.py,58,2712
scikit-learn,sklearn\feature_selection\tests\__init__.py,Python,.py,0,0
scikit-learn,sklearn\frozen\_frozen.py,Python,.py,131,5153
scikit-learn,sklearn\frozen\__init__.py,Python,.py,4,168
scikit-learn,sklearn\frozen\tests\test_frozen.py,Python,.py,173,7025
scikit-learn,sklearn\frozen\tests\__init__.py,Python,.py,0,0
scikit-learn,sklearn\gaussian_process\kernels.py,Python,.py,1991,87724
scikit-learn,sklearn\gaussian_process\_gpc.py,Python,.py,813,40360
scikit-learn,sklearn\gaussian_process\_gpr.py,Python,.py,575,28960
scikit-learn,sklearn\gaussian_process\__init__.py,Python,.py,7,411
scikit-learn,sklearn\gaussian_process\tests\test_gpc.py,Python,.py,275,12267
scikit-learn,sklearn\gaussian_process\tests\test_gpr.py,Python,.py,696,31712
scikit-learn,sklearn\gaussian_process\tests\test_kernels.py,Python,.py,342,14895
scikit-learn,sklearn\gaussian_process\tests\_mini_sequence_kernel.py,Python,.py,43,1625
scikit-learn,sklearn\gaussian_process\tests\__init__.py,Python,.py,0,0
scikit-learn,sklearn\impute\_base.py,Python,.py,954,44039
scikit-learn,sklearn\impute\_iterative.py,Python,.py,831,39450
scikit-learn,sklearn\impute\_knn.py,Python,.py,334,15378
scikit-learn,sklearn\impute\__init__.py,Python,.py,7,386
scikit-learn,sklearn\impute\tests\test_base.py,Python,.py,79,3468
scikit-learn,sklearn\impute\tests\test_common.py,Python,.py,179,7434
scikit-learn,sklearn\impute\tests\test_impute.py,Python,.py,1580,67746
scikit-learn,sklearn\impute\tests\test_knn.py,Python,.py,463,18110
scikit-learn,sklearn\impute\tests\__init__.py,Python,.py,0,0
scikit-learn,sklearn\inspection\_partial_dependence.py,Python,.py,656,34040
scikit-learn,sklearn\inspection\_pd_utils.py,Python,.py,57,2286
scikit-learn,sklearn\inspection\_permutation_importance.py,Python,.py,266,11745
scikit-learn,sklearn\inspection\__init__.py,Python,.py,13,573
scikit-learn,sklearn\inspection\tests\test_partial_dependence.py,Python,.py,1085,43984
scikit-learn,sklearn\inspection\tests\test_pd_utils.py,Python,.py,38,1684
scikit-learn,sklearn\inspection\tests\test_permutation_importance.py,Python,.py,453,20835
scikit-learn,sklearn\inspection\tests\__init__.py,Python,.py,0,0
scikit-learn,sklearn\inspection\_plot\decision_boundary.py,Python,.py,720,35469
scikit-learn,sklearn\inspection\_plot\partial_dependence.py,Python,.py,1294,62955
scikit-learn,sklearn\inspection\_plot\__init__.py,Python,.py,2,81
scikit-learn,sklearn\inspection\_plot\tests\test_boundary_decision_display.py,Python,.py,891,36359
scikit-learn,sklearn\inspection\_plot\tests\test_plot_partial_dependence.py,Python,.py,1143,42568
scikit-learn,sklearn\inspection\_plot\tests\__init__.py,Python,.py,0,0
scikit-learn,sklearn\linear_model\_base.py,Python,.py,763,31976
scikit-learn,sklearn\linear_model\_bayes.py,Python,.py,678,29891
scikit-learn,sklearn\linear_model\_coordinate_descent.py,Python,.py,2851,124167
scikit-learn,sklearn\linear_model\_huber.py,Python,.py,298,13115
scikit-learn,sklearn\linear_model\_least_angle.py,Python,.py,1939,85432
scikit-learn,sklearn\linear_model\_linear_loss.py,Python,.py,872,40920
scikit-learn,sklearn\linear_model\_logistic.py,Python,.py,2341,107260
scikit-learn,sklearn\linear_model\_omp.py,Python,.py,962,40551
scikit-learn,sklearn\linear_model\_passive_aggressive.py,Python,.py,506,21786
scikit-learn,sklearn\linear_model\_perceptron.py,Python,.py,178,7819
scikit-learn,sklearn\linear_model\_quantile.py,Python,.py,255,10853
scikit-learn,sklearn\linear_model\_ransac.py,Python,.py,603,26437
scikit-learn,sklearn\linear_model\_ridge.py,Python,.py,2516,111761
scikit-learn,sklearn\linear_model\_sag.py,Python,.py,306,12720
scikit-learn,sklearn\linear_model\_stochastic_gradient.py,Python,.py,2279,96752
scikit-learn,sklearn\linear_model\_theil_sen.py,Python,.py,369,16178
scikit-learn,sklearn\linear_model\__init__.py,Python,.py,104,2874
scikit-learn,sklearn\linear_model\tests\test_base.py,Python,.py,749,32139
scikit-learn,sklearn\linear_model\tests\test_bayes.py,Python,.py,257,12264
scikit-learn,sklearn\linear_model\tests\test_common.py,Python,.py,269,10046
scikit-learn,sklearn\linear_model\tests\test_coordinate_descent.py,Python,.py,1574,67448
scikit-learn,sklearn\linear_model\tests\test_huber.py,Python,.py,171,7831
scikit-learn,sklearn\linear_model\tests\test_least_angle.py,Python,.py,720,30537
scikit-learn,sklearn\linear_model\tests\test_linear_loss.py,Python,.py,461,18422
scikit-learn,sklearn\linear_model\tests\test_logistic.py,Python,.py,2814,120811
scikit-learn,sklearn\linear_model\tests\test_omp.py,Python,.py,222,9617
scikit-learn,sklearn\linear_model\tests\test_passive_aggressive.py,Python,.py,284,12162
scikit-learn,sklearn\linear_model\tests\test_perceptron.py,Python,.py,65,2696
scikit-learn,sklearn\linear_model\tests\test_quantile.py,Python,.py,247,10972
scikit-learn,sklearn\linear_model\tests\test_ransac.py,Python,.py,435,17337
scikit-learn,sklearn\linear_model\tests\test_ridge.py,Python,.py,2295,98269
scikit-learn,sklearn\linear_model\tests\test_sag.py,Python,.py,743,26739
scikit-learn,sklearn\linear_model\tests\test_sgd.py,Python,.py,1906,77096
scikit-learn,sklearn\linear_model\tests\test_sparse_coordinate_descent.py,Python,.py,342,13387
scikit-learn,sklearn\linear_model\tests\test_theil_sen.py,Python,.py,251,10234
scikit-learn,sklearn\linear_model\tests\__init__.py,Python,.py,0,0
scikit-learn,sklearn\linear_model\_glm\glm.py,Python,.py,1011,47295
scikit-learn,sklearn\linear_model\_glm\_newton_solver.py,Python,.py,1408,68789
scikit-learn,sklearn\linear_model\_glm\__init__.py,Python,.py,14,359
scikit-learn,sklearn\linear_model\_glm\tests\test_glm.py,Python,.py,1193,51986
scikit-learn,sklearn\linear_model\_glm\tests\test_newton_solver.py,Python,.py,63,3106
scikit-learn,sklearn\linear_model\_glm\tests\__init__.py,Python,.py,2,81
scikit-learn,sklearn\manifold\_classical_mds.py,Python,.py,157,6579
scikit-learn,sklearn\manifold\_isomap.py,Python,.py,366,16277
scikit-learn,sklearn\manifold\_locally_linear.py,Python,.py,734,31830
scikit-learn,sklearn\manifold\_mds.py,Python,.py,676,31061
scikit-learn,sklearn\manifold\_spectral_embedding.py,Python,.py,675,31217
scikit-learn,sklearn\manifold\_t_sne.py,Python,.py,987,45087
scikit-learn,sklearn\manifold\__init__.py,Python,.py,24,762
scikit-learn,sklearn\manifold\tests\test_classical_mds.py,Python,.py,45,2048
scikit-learn,sklearn\manifold\tests\test_isomap.py,Python,.py,276,12396
scikit-learn,sklearn\manifold\tests\test_locally_linear.py,Python,.py,136,5943
scikit-learn,sklearn\manifold\tests\test_mds.py,Python,.py,229,9799
scikit-learn,sklearn\manifold\tests\test_spectral_embedding.py,Python,.py,484,20551
scikit-learn,sklearn\manifold\tests\test_t_sne.py,Python,.py,979,38767
scikit-learn,sklearn\manifold\tests\__init__.py,Python,.py,0,0
scikit-learn,sklearn\metrics\pairwise.py,Python,.py,2206,95230
scikit-learn,sklearn\metrics\_base.py,Python,.py,167,7812
scikit-learn,sklearn\metrics\_classification.py,Python,.py,3504,159980
scikit-learn,sklearn\metrics\_ranking.py,Python,.py,1996,92215
scikit-learn,sklearn\metrics\_regression.py,Python,.py,1656,69868
scikit-learn,sklearn\metrics\_scorer.py,Python,.py,983,41910
scikit-learn,sklearn\metrics\__init__.py,Python,.py,189,5210
scikit-learn,sklearn\metrics\cluster\_bicluster.py,Python,.py,90,3761
scikit-learn,sklearn\metrics\cluster\_supervised.py,Python,.py,1051,46808
scikit-learn,sklearn\metrics\cluster\_unsupervised.py,Python,.py,404,18467
scikit-learn,sklearn\metrics\cluster\__init__.py,Python,.py,52,1565
scikit-learn,sklearn\metrics\cluster\tests\test_bicluster.py,Python,.py,45,1775
scikit-learn,sklearn\metrics\cluster\tests\test_common.py,Python,.py,258,10626
scikit-learn,sklearn\metrics\cluster\tests\test_supervised.py,Python,.py,448,20166
scikit-learn,sklearn\metrics\cluster\tests\test_unsupervised.py,Python,.py,358,12682
scikit-learn,sklearn\metrics\cluster\tests\__init__.py,Python,.py,0,0
scikit-learn,sklearn\metrics\tests\test_classification.py,Python,.py,3176,137881
scikit-learn,sklearn\metrics\tests\test_common.py,Python,.py,2590,104610
scikit-learn,sklearn\metrics\tests\test_dist_metrics.py,Python,.py,342,15426
scikit-learn,sklearn\metrics\tests\test_pairwise.py,Python,.py,1553,67620
scikit-learn,sklearn\metrics\tests\test_pairwise_distances_reduction.py,Python,.py,1435,54704
scikit-learn,sklearn\metrics\tests\test_ranking.py,Python,.py,2254,100789
scikit-learn,sklearn\metrics\tests\test_regression.py,Python,.py,558,26897
scikit-learn,sklearn\metrics\tests\test_score_objects.py,Python,.py,1441,62614
scikit-learn,sklearn\metrics\tests\__init__.py,Python,.py,0,0
scikit-learn,sklearn\metrics\_pairwise_distances_reduction\_dispatcher.py,Python,.py,646,30795
scikit-learn,sklearn\metrics\_pairwise_distances_reduction\__init__.py,Python,.py,108,5289
scikit-learn,sklearn\metrics\_plot\confusion_matrix.py,Python,.py,408,17862
scikit-learn,sklearn\metrics\_plot\det_curve.py,Python,.py,359,15540
scikit-learn,sklearn\metrics\_plot\precision_recall_curve.py,Python,.py,765,35884
scikit-learn,sklearn\metrics\_plot\regression.py,Python,.py,333,15119
scikit-learn,sklearn\metrics\_plot\roc_curve.py,Python,.py,615,27214
scikit-learn,sklearn\metrics\_plot\__init__.py,Python,.py,2,81
scikit-learn,sklearn\metrics\_plot\tests\test_common_curve_display.py,Python,.py,761,31169
scikit-learn,sklearn\metrics\_plot\tests\test_confusion_matrix_display.py,Python,.py,299,13861
scikit-learn,sklearn\metrics\_plot\tests\test_det_curve_display.py,Python,.py,109,4458
scikit-learn,sklearn\metrics\_plot\tests\test_precision_recall_display.py,Python,.py,624,27129
scikit-learn,sklearn\metrics\_plot\tests\test_predict_error_display.py,Python,.py,149,6176
scikit-learn,sklearn\metrics\_plot\tests\test_roc_curve_display.py,Python,.py,495,19883
scikit-learn,sklearn\metrics\_plot\tests\__init__.py,Python,.py,0,0
scikit-learn,sklearn\mixture\_base.py,Python,.py,515,21774
scikit-learn,sklearn\mixture\_bayesian_mixture.py,Python,.py,725,34275
scikit-learn,sklearn\mixture\_gaussian_mixture.py,Python,.py,815,36914
scikit-learn,sklearn\mixture\__init__.py,Python,.py,6,315
scikit-learn,sklearn\mixture\tests\test_bayesian_mixture.py,Python,.py,389,17504
scikit-learn,sklearn\mixture\tests\test_gaussian_mixture.py,Python,.py,1417,57683
scikit-learn,sklearn\mixture\tests\test_mixture.py,Python,.py,26,1211
scikit-learn,sklearn\mixture\tests\__init__.py,Python,.py,0,0
scikit-learn,sklearn\model_selection\_classification_threshold.py,Python,.py,748,33905
scikit-learn,sklearn\model_selection\_plot.py,Python,.py,744,35491
scikit-learn,sklearn\model_selection\_search.py,Python,.py,1769,87497
scikit-learn,sklearn\model_selection\_search_successive_halving.py,Python,.py,969,50033
scikit-learn,sklearn\model_selection\_split.py,Python,.py,2547,115821
scikit-learn,sklearn\model_selection\_validation.py,Python,.py,2161,98347
scikit-learn,sklearn\model_selection\__init__.py,Python,.py,98,2970
scikit-learn,sklearn\model_selection\tests\common.py,Python,.py,17,665
scikit-learn,sklearn\model_selection\tests\test_classification_threshold.py,Python,.py,549,24451
scikit-learn,sklearn\model_selection\tests\test_plot.py,Python,.py,474,19028
scikit-learn,sklearn\model_selection\tests\test_search.py,Python,.py,2661,110525
scikit-learn,sklearn\model_selection\tests\test_split.py,Python,.py,1746,77425
scikit-learn,sklearn\model_selection\tests\test_successive_halving.py,Python,.py,779,32592
scikit-learn,sklearn\model_selection\tests\test_validation.py,Python,.py,2343,95696
scikit-learn,sklearn\model_selection\tests\__init__.py,Python,.py,0,0
scikit-learn,sklearn\neighbors\_base.py,Python,.py,1201,53994
scikit-learn,sklearn\neighbors\_classification.py,Python,.py,768,36077
scikit-learn,sklearn\neighbors\_graph.py,Python,.py,589,25393
scikit-learn,sklearn\neighbors\_kde.py,Python,.py,307,12722
scikit-learn,sklearn\neighbors\_lof.py,Python,.py,426,20754
scikit-learn,sklearn\neighbors\_nca.py,Python,.py,476,21659
scikit-learn,sklearn\neighbors\_nearest_centroid.py,Python,.py,294,13451
scikit-learn,sklearn\neighbors\_regression.py,Python,.py,421,19170
scikit-learn,sklearn\neighbors\_unsupervised.py,Python,.py,145,6462
scikit-learn,sklearn\neighbors\__init__.py,Python,.py,46,1517
scikit-learn,sklearn\neighbors\tests\test_ball_tree.py,Python,.py,153,7297
scikit-learn,sklearn\neighbors\tests\test_graph.py,Python,.py,81,3648
scikit-learn,sklearn\neighbors\tests\test_kde.py,Python,.py,204,9997
scikit-learn,sklearn\neighbors\tests\test_kd_tree.py,Python,.py,119,5593
scikit-learn,sklearn\neighbors\tests\test_lof.py,Python,.py,310,14140
scikit-learn,sklearn\neighbors\tests\test_nca.py,Python,.py,486,21380
scikit-learn,sklearn\neighbors\tests\test_nearest_centroid.py,Python,.py,188,7809
scikit-learn,sklearn\neighbors\tests\test_neighbors.py,Python,.py,2081,90904
scikit-learn,sklearn\neighbors\tests\test_neighbors_pipeline.py,Python,.py,212,8403
scikit-learn,sklearn\neighbors\tests\test_neighbors_tree.py,Python,.py,226,9593
scikit-learn,sklearn\neighbors\tests\test_quad_tree.py,Python,.py,115,5292
scikit-learn,sklearn\neighbors\tests\__init__.py,Python,.py,0,0
scikit-learn,sklearn\neural_network\_base.py,Python,.py,215,8270
scikit-learn,sklearn\neural_network\_multilayer_perceptron.py,Python,.py,1497,67989
scikit-learn,sklearn\neural_network\_rbm.py,Python,.py,360,15443
scikit-learn,sklearn\neural_network\_stochastic_optimizers.py,Python,.py,229,9125
scikit-learn,sklearn\neural_network\__init__.py,Python,.py,6,329
scikit-learn,sklearn\neural_network\tests\test_base.py,Python,.py,41,1618
scikit-learn,sklearn\neural_network\tests\test_mlp.py,Python,.py,929,38079
scikit-learn,sklearn\neural_network\tests\test_rbm.py,Python,.py,194,8224
scikit-learn,sklearn\neural_network\tests\test_stochastic_optimizers.py,Python,.py,89,4249
scikit-learn,sklearn\neural_network\tests\__init__.py,Python,.py,0,0
scikit-learn,sklearn\preprocessing\_data.py,Python,.py,3105,134529
scikit-learn,sklearn\preprocessing\_discretization.py,Python,.py,439,20945
scikit-learn,sklearn\preprocessing\_encoders.py,Python,.py,1425,70157
scikit-learn,sklearn\preprocessing\_function_transformer.py,Python,.py,371,17408
scikit-learn,sklearn\preprocessing\_label.py,Python,.py,878,36419
scikit-learn,sklearn\preprocessing\_polynomial.py,Python,.py,1097,52256
scikit-learn,sklearn\preprocessing\_target_encoder.py,Python,.py,587,27778
scikit-learn,sklearn\preprocessing\__init__.py,Python,.py,65,1739
scikit-learn,sklearn\preprocessing\tests\test_common.py,Python,.py,166,7008
scikit-learn,sklearn\preprocessing\tests\test_data.py,Python,.py,2416,112036
scikit-learn,sklearn\preprocessing\tests\test_discretization.py,Python,.py,587,21796
scikit-learn,sklearn\preprocessing\tests\test_encoders.py,Python,.py,2001,86261
scikit-learn,sklearn\preprocessing\tests\test_function_transformer.py,Python,.py,462,19852
scikit-learn,sklearn\preprocessing\tests\test_label.py,Python,.py,783,33670
scikit-learn,sklearn\preprocessing\tests\test_polynomial.py,Python,.py,1229,48947
scikit-learn,sklearn\preprocessing\tests\test_target_encoder.py,Python,.py,657,31080
scikit-learn,sklearn\preprocessing\tests\__init__.py,Python,.py,0,0
scikit-learn,sklearn\semi_supervised\_label_propagation.py,Python,.py,526,22445
scikit-learn,sklearn\semi_supervised\_self_training.py,Python,.py,482,20804
scikit-learn,sklearn\semi_supervised\__init__.py,Python,.py,9,494
scikit-learn,sklearn\semi_supervised\tests\test_label_propagation.py,Python,.py,218,10157
scikit-learn,sklearn\semi_supervised\tests\test_self_training.py,Python,.py,301,14178
scikit-learn,sklearn\semi_supervised\tests\__init__.py,Python,.py,0,0
scikit-learn,sklearn\svm\_base.py,Python,.py,1132,46097
scikit-learn,sklearn\svm\_bounds.py,Python,.py,79,3581
scikit-learn,sklearn\svm\_classes.py,Python,.py,1476,69970
scikit-learn,sklearn\svm\__init__.py,Python,.py,25,538
scikit-learn,sklearn\svm\src\liblinear\liblinear_helper.c,C,.c,202,6616
scikit-learn,sklearn\svm\src\liblinear\linear.cpp,C++,.cpp,2725,66095
scikit-learn,sklearn\svm\src\liblinear\linear.h,C/C++ Header,.h,69,2544
scikit-learn,sklearn\svm\src\liblinear\tron.cpp,C++,.cpp,190,5175
scikit-learn,sklearn\svm\src\liblinear\tron.h,C/C++ Header,.h,30,805
scikit-learn,sklearn\svm\src\liblinear\_cython_blas_helpers.h,C/C++ Header,.h,13,474
scikit-learn,sklearn\svm\src\libsvm\libsvm_helper.c,C,.c,371,12143
scikit-learn,sklearn\svm\src\libsvm\libsvm_sparse_helper.c,C,.c,405,13719
scikit-learn,sklearn\svm\src\libsvm\libsvm_template.cpp,C++,.cpp,6,181
scikit-learn,sklearn\svm\src\libsvm\svm.cpp,C++,.cpp,2845,72500
scikit-learn,sklearn\svm\src\libsvm\svm.h,C/C++ Header,.h,136,6438
scikit-learn,sklearn\svm\src\libsvm\_svm_cython_blas_helpers.h,C/C++ Header,.h,7,226
scikit-learn,sklearn\svm\src\newrand\newrand.h,C/C++ Header,.h,52,1899
scikit-learn,sklearn\svm\tests\test_bounds.py,Python,.py,110,5240
scikit-learn,sklearn\svm\tests\test_sparse.py,Python,.py,426,16742
scikit-learn,sklearn\svm\tests\test_svm.py,Python,.py,1261,54471
scikit-learn,sklearn\svm\tests\__init__.py,Python,.py,0,0
scikit-learn,sklearn\tests\metadata_routing_common.py,Python,.py,500,22648
scikit-learn,sklearn\tests\test_base.py,Python,.py,863,36706
scikit-learn,sklearn\tests\test_build.py,Python,.py,91,4442
scikit-learn,sklearn\tests\test_calibration.py,Python,.py,1144,54060
scikit-learn,sklearn\tests\test_check_build.py,Python,.py,10,315
scikit-learn,sklearn\tests\test_common.py,Python,.py,353,14139
scikit-learn,sklearn\tests\test_config.py,Python,.py,135,6082
scikit-learn,sklearn\tests\test_discriminant_analysis.py,Python,.py,730,31339
scikit-learn,sklearn\tests\test_docstrings.py,Python,.py,175,7695
scikit-learn,sklearn\tests\test_docstring_parameters.py,Python,.py,304,12975
scikit-learn,sklearn\tests\test_docstring_parameters_consistency.py,Python,.py,105,4284
scikit-learn,sklearn\tests\test_dummy.py,Python,.py,536,22800
scikit-learn,sklearn\tests\test_init.py,Python,.py,13,519
scikit-learn,sklearn\tests\test_isotonic.py,Python,.py,539,22521
scikit-learn,sklearn\tests\test_kernel_approximation.py,Python,.py,435,18973
scikit-learn,sklearn\tests\test_kernel_ridge.py,Python,.py,62,2968
scikit-learn,sklearn\tests\test_metadata_routing.py,Python,.py,1093,48036
scikit-learn,sklearn\tests\test_metaestimators.py,Python,.py,293,11925
scikit-learn,sklearn\tests\test_metaestimators_metadata_routing.py,Python,.py,1002,39586
scikit-learn,sklearn\tests\test_min_dependencies_consistency.py,Python,.py,187,8107
scikit-learn,sklearn\tests\test_multiclass.py,Python,.py,787,34972
scikit-learn,sklearn\tests\test_multioutput.py,Python,.py,694,31014
scikit-learn,sklearn\tests\test_naive_bayes.py,Python,.py,858,39262
scikit-learn,sklearn\tests\test_pipeline.py,Python,.py,2226,95404
scikit-learn,sklearn\tests\test_public_functions.py,Python,.py,371,17241
scikit-learn,sklearn\tests\test_random_projection.py,Python,.py,479,20167
scikit-learn,sklearn\tests\__init__.py,Python,.py,0,0
scikit-learn,sklearn\tree\_classes.py,Python,.py,1867,93302
scikit-learn,sklearn\tree\_export.py,Python,.py,1054,44369
scikit-learn,sklearn\tree\_reingold_tilford.py,Python,.py,154,5345
scikit-learn,sklearn\tree\__init__.py,Python,.py,21,620
scikit-learn,sklearn\tree\tests\test_export.py,Python,.py,664,26253
scikit-learn,sklearn\tree\tests\test_fenwick.py,Python,.py,41,1801
scikit-learn,sklearn\tree\tests\test_monotonic_tree.py,Python,.py,469,19910
scikit-learn,sklearn\tree\tests\test_reingold_tilford.py,Python,.py,43,1511
scikit-learn,sklearn\tree\tests\test_split.py,Python,.py,355,14902
scikit-learn,sklearn\tree\tests\test_swap.py,Python,.py,36,1526
scikit-learn,sklearn\tree\tests\test_tree.py,Python,.py,3042,134065
scikit-learn,sklearn\tree\tests\__init__.py,Python,.py,0,0
scikit-learn,sklearn\utils\class_weight.py,Python,.py,211,9603
scikit-learn,sklearn\utils\deprecation.py,Python,.py,94,3612
scikit-learn,sklearn\utils\discovery.py,Python,.py,221,8998
scikit-learn,sklearn\utils\estimator_checks.py,Python,.py,4845,215747
scikit-learn,sklearn\utils\extmath.py,Python,.py,1252,53260
scikit-learn,sklearn\utils\fixes.py,Python,.py,451,20039
scikit-learn,sklearn\utils\graph.py,Python,.py,137,5876
scikit-learn,sklearn\utils\metadata_routing.py,Python,.py,22,634
scikit-learn,sklearn\utils\metaestimators.py,Python,.py,144,6759
scikit-learn,sklearn\utils\multiclass.py,Python,.py,501,21957
scikit-learn,sklearn\utils\optimize.py,Python,.py,435,16174
scikit-learn,sklearn\utils\parallel.py,Python,.py,171,8316
scikit-learn,sklearn\utils\random.py,Python,.py,82,3901
scikit-learn,sklearn\utils\sparsefuncs.py,Python,.py,666,25699
scikit-learn,sklearn\utils\stats.py,Python,.py,204,11125
scikit-learn,sklearn\utils\validation.py,Python,.py,2555,115317
scikit-learn,sklearn\utils\_arpack.py,Python,.py,26,1256
scikit-learn,sklearn\utils\_array_api.py,Python,.py,1065,49570
scikit-learn,sklearn\utils\_available_if.py,Python,.py,79,3041
scikit-learn,sklearn\utils\_bunch.py,Python,.py,57,2245
scikit-learn,sklearn\utils\_chunking.py,Python,.py,152,5635
scikit-learn,sklearn\utils\_dataframe.py,Python,.py,81,2534
scikit-learn,sklearn\utils\_encode.py,Python,.py,262,10927
scikit-learn,sklearn\utils\_indexing.py,Python,.py,576,24719
scikit-learn,sklearn\utils\_mask.py,Python,.py,143,5186
scikit-learn,sklearn\utils\_metadata_requests.py,Python,.py,1560,73169
scikit-learn,sklearn\utils\_missing.py,Python,.py,52,1567
scikit-learn,sklearn\utils\_mocking.py,Python,.py,340,14111
scikit-learn,sklearn\utils\_optional_dependencies.py,Python,.py,48,1797
scikit-learn,sklearn\utils\_param_validation.py,Python,.py,698,29514
scikit-learn,sklearn\utils\_plotting.py,Python,.py,398,17987
scikit-learn,sklearn\utils\_pprint.py,Python,.py,409,18966
scikit-learn,sklearn\utils\_response.py,Python,.py,246,11899
scikit-learn,sklearn\utils\_set_output.py,Python,.py,358,15602
scikit-learn,sklearn\utils\_show_versions.py,Python,.py,87,2702
scikit-learn,sklearn\utils\_sparse.py,Python,.py,31,1272
scikit-learn,sklearn\utils\_tags.py,Python,.py,234,10331
scikit-learn,sklearn\utils\_testing.py,Python,.py,1340,56857
scikit-learn,sklearn\utils\_unique.py,Python,.py,80,3080
scikit-learn,sklearn\utils\_user_interface.py,Python,.py,45,1542
scikit-learn,sklearn\utils\__init__.py,Python,.py,79,2478
scikit-learn,sklearn\utils\src\MurmurHash3.cpp,C++,.cpp,246,8313
scikit-learn,sklearn\utils\src\MurmurHash3.h,C/C++ Header,.h,28,1200
scikit-learn,sklearn\utils\tests\test_arpack.py,Python,.py,12,505
scikit-learn,sklearn\utils\tests\test_arrayfuncs.py,Python,.py,29,1401
scikit-learn,sklearn\utils\tests\test_array_api.py,Python,.py,802,36658
scikit-learn,sklearn\utils\tests\test_bitset.py,Python,.py,55,2071
scikit-learn,sklearn\utils\tests\test_bunch.py,Python,.py,24,845
scikit-learn,sklearn\utils\tests\test_chunking.py,Python,.py,61,2444
scikit-learn,sklearn\utils\tests\test_class_weight.py,Python,.py,273,13291
scikit-learn,sklearn\utils\tests\test_cython_blas.py,Python,.py,186,6959
scikit-learn,sklearn\utils\tests\test_dataframe.py,Python,.py,44,1799
scikit-learn,sklearn\utils\tests\test_deprecation.py,Python,.py,68,2360
scikit-learn,sklearn\utils\tests\test_encode.py,Python,.py,189,8494
scikit-learn,sklearn\utils\tests\test_estimator_checks.py,Python,.py,1472,65047
scikit-learn,sklearn\utils\tests\test_extmath.py,Python,.py,963,42288
scikit-learn,sklearn\utils\tests\test_fast_dict.py,Python,.py,35,1402
scikit-learn,sklearn\utils\tests\test_fixes.py,Python,.py,181,6703
scikit-learn,sklearn\utils\tests\test_graph.py,Python,.py,60,3127
scikit-learn,sklearn\utils\tests\test_indexing.py,Python,.py,587,26285
scikit-learn,sklearn\utils\tests\test_mask.py,Python,.py,14,556
scikit-learn,sklearn\utils\tests\test_metaestimators.py,Python,.py,47,2170
scikit-learn,sklearn\utils\tests\test_missing.py,Python,.py,24,736
scikit-learn,sklearn\utils\tests\test_mocking.py,Python,.py,163,6100
scikit-learn,sklearn\utils\tests\test_multiclass.py,Python,.py,581,24463
scikit-learn,sklearn\utils\tests\test_murmurhash.py,Python,.py,50,2589
scikit-learn,sklearn\utils\tests\test_optimize.py,Python,.py,203,8590
scikit-learn,sklearn\utils\tests\test_parallel.py,Python,.py,157,7786
scikit-learn,sklearn\utils\tests\test_param_validation.py,Python,.py,647,25261
scikit-learn,sklearn\utils\tests\test_plotting.py,Python,.py,484,20865
scikit-learn,sklearn\utils\tests\test_pprint.py,Python,.py,606,28468
scikit-learn,sklearn\utils\tests\test_random.py,Python,.py,148,7341
scikit-learn,sklearn\utils\tests\test_response.py,Python,.py,394,17110
scikit-learn,sklearn\utils\tests\test_seq_dataset.py,Python,.py,147,6236
scikit-learn,sklearn\utils\tests\test_set_output.py,Python,.py,344,16578
scikit-learn,sklearn\utils\tests\test_shortest_path.py,Python,.py,44,1911
scikit-learn,sklearn\utils\tests\test_show_versions.py,Python,.py,30,1077
scikit-learn,sklearn\utils\tests\test_sorting.py,Python,.py,53,2287
scikit-learn,sklearn\utils\tests\test_sparse.py,Python,.py,67,3008
scikit-learn,sklearn\utils\tests\test_sparsefuncs.py,Python,.py,940,38723
scikit-learn,sklearn\utils\tests\test_stats.py,Python,.py,443,20082
scikit-learn,sklearn\utils\tests\test_tags.py,Python,.py,122,4959
scikit-learn,sklearn\utils\tests\test_testing.py,Python,.py,946,34536
scikit-learn,sklearn\utils\tests\test_typedefs.py,Python,.py,22,760
scikit-learn,sklearn\utils\tests\test_unique.py,Python,.py,40,1874
scikit-learn,sklearn\utils\tests\test_user_interface.py,Python,.py,56,1837
scikit-learn,sklearn\utils\tests\test_validation.py,Python,.py,2156,90625
scikit-learn,sklearn\utils\tests\test_weight_vector.py,Python,.py,20,690
scikit-learn,sklearn\utils\tests\__init__.py,Python,.py,0,0
scikit-learn,sklearn\utils\_repr_html\base.py,Python,.py,138,6576
scikit-learn,sklearn\utils\_repr_html\common.py,Python,.py,64,2736
scikit-learn,sklearn\utils\_repr_html\estimator.css,CSS,.css,360,11826
scikit-learn,sklearn\utils\_repr_html\estimator.js,JavaScript,.js,148,6286
scikit-learn,sklearn\utils\_repr_html\estimator.py,Python,.py,504,21671
scikit-learn,sklearn\utils\_repr_html\features.css,CSS,.css,100,2603
scikit-learn,sklearn\utils\_repr_html\features.py,Python,.py,65,2489
scikit-learn,sklearn\utils\_repr_html\fitted_attributes.py,Python,.py,136,5343
scikit-learn,sklearn\utils\_repr_html\params.css,CSS,.css,136,4117
scikit-learn,sklearn\utils\_repr_html\params.py,Python,.py,104,4650
scikit-learn,sklearn\utils\_repr_html\__init__.py,Python,.py,2,81
scikit-learn,sklearn\utils\_repr_html\tests\test_attributes.py,Python,.py,165,5988
scikit-learn,sklearn\utils\_repr_html\tests\test_estimator.py,Python,.py,507,22652
scikit-learn,sklearn\utils\_repr_html\tests\test_features.py,Python,.py,215,8613
scikit-learn,sklearn\utils\_repr_html\tests\test_js.py,Python,.py,147,6103
scikit-learn,sklearn\utils\_repr_html\tests\test_params.py,Python,.py,195,8153
scikit-learn,sklearn\utils\_repr_html\tests\__init__.py,Python,.py,0,0
scikit-learn,sklearn\utils\_test_common\instance_generator.py,Python,.py,1360,56607
scikit-learn,sklearn\utils\_test_common\__init__.py,Python,.py,2,81
scikit-learn,sklearn\_build_utils\tempita.py,Python,.py,44,1746
scikit-learn,sklearn\_build_utils\version.py,Python,.py,10,464
scikit-learn,sklearn\_build_utils\__init__.py,Python,.py,0,0
scikit-learn,sklearn\_loss\link.py,Python,.py,194,7755
scikit-learn,sklearn\_loss\loss.py,Python,.py,1596,65927
scikit-learn,sklearn\_loss\__init__.py,Python,.py,34,867
scikit-learn,sklearn\_loss\tests\test_link.py,Python,.py,121,5171
scikit-learn,sklearn\_loss\tests\test_loss.py,Python,.py,1402,57633
scikit-learn,sklearn\_loss\tests\__init__.py,Python,.py,0,0
scikit-learn,sklearn\__check_build\__init__.py,Python,.py,45,1934
